a0,a1,a2,a3,a4,b2,b3,b4,b8,c3,d2,e7,e8,g1,g21,h1,h3
Sí,Masculino,32,Santa Cruz,Santa Cruz de la Sierra,20,Más de un año,15,Sí,1,Sí,Internet fijo,Casa,Windows,5,Sí,Sí
Sí,Masculino,38,La Paz,El Alto,19,Más de un año,5,Sí,1,Sí,Internet móvil,Casa,Windows,3,Sí,Sí
Sí,Femenino,54,La Paz,La Paz,20,Más de un año,5,Sí,2,No,Internet móvil,Casa,Linux,4,Sí,Sí
Sí,Femenino,54,La Paz,La Paz,26,Menos de un año,NA,Sí,1,Sí,Internet fijo,Casa,Windows,3,Sí,Sí
Sí,Masculino,34,La Paz,La Paz,10,Más de un año,7,Sí,1,Sí,Internet fijo,Casa,Windows,4,Sí,No
Sí,Masculino,35,La Paz,El Alto,5,Más de un año,2,Sí,1,Sí,Internet móvil,Café Internet,Windows,3,Sí,Sí
Sí,Masculino,51,La Paz,La Paz,21,Más de un año,5,Sí,2,Sí,Internet fijo,Casa,Windows,3,No,No
Sí,Femenino,37,La Paz,El Alto,13,Más de un año,3,Sí,2,Sí,Internet fijo,Casa,Windows,NA,No,No
Sí,Femenino,62,Oruro,Oruro,34,Más de un año,30,Sí,2,Sí,Internet fijo,Casa,Windows,1,Sí,Sí
Sí,Femenino,44,Oruro,Oruro,19,Más de un año,11,Sí,1,Sí,Internet móvil,Otro,Windows,3,Sí,No
Sí,Femenino,33,La Paz,El Alto,5,Más de un año,3,Sí,1,Sí,Internet móvil,Casa,Windows,1,No,Sí
Sí,Femenino,55,La Paz,El Alto,30,Más de un año,17,Sí,2,Sí,Internet móvil,Casa,Windows,NA,No,No
Sí,Masculino,38,La Paz,El Alto,10,Más de un año,2,Sí,1,Sí,Internet móvil,Casa,Windows,3,Sí,No
Sí,Femenino,59,Oruro,Oruro,25,Más de un año,21,No,2,Sí,Internet móvil,Casa,Windows,4,Sí,Sí
Sí,Masculino,68,La Paz,El Alto,25,Más de un año,2,Sí,3,Sí,Internet móvil,Casa,Windows,4,Sí,Sí
Sí,Masculino,29,La Paz,La Paz,7,Más de un año,4,Sí,3,Sí,Internet móvil,Colegio,Windows,3,Sí,Sí
Sí,Masculino,39,La Paz,El Alto,8,Menos de un año,NA,Sí,1,Sí,Internet fijo,Casa,Windows,4,Sí,Sí
Sí,Masculino,55,La Paz,La Paz,5,Menos de un año,NA,No,1,Sí,Internet móvil,Café Internet,Windows,3,No,No
Sí,Femenino,42,La Paz,El Alto,11,Más de un año,9,Sí,1,Sí,Internet móvil,Otro,Windows,1,Sí,No
Sí,Masculino,30,La Paz,El Alto,11,Más de un año,6,Sí,2,Sí,Internet fijo,Casa,Windows,4,Sí,Sí
Sí,Femenino,45,Cochabamba,Cochabamba,12,Más de un año,2,No,1,Sí,Internet móvil,Casa,Windows,1,No,No
Sí,Femenino,34,La Paz,El Alto,8,Más de un año,5,Sí,3,Sí,Internet fijo,Casa,Windows,NA,No,No
Sí,Femenino,55,La Paz,El Alto,20,Más de un año,20,Sí,2,Sí,Internet fijo,Casa,Windows,4,No,No
Sí,Femenino,34,La Paz,El Alto,8,Más de un año,3,Sí,2,Sí,Internet móvil,Café Internet,Windows,5,Sí,No
Sí,Masculino,59,La Paz,El Alto,32,Más de un año,3,Sí,1,Sí,Internet móvil,Café Internet,Windows,NA,No,No
Sí,Masculino,47,La Paz,El Alto,22,Más de un año,13,Sí,1,Sí,Internet móvil,Casa,Windows,NA,No,No
Sí,Masculino,62,La Paz,El Alto,38,Más de un año,8,Sí,1,Sí,Internet fijo,Casa,Windows,4,No,No
No,Masculino,35,La Paz,El Alto,14,Más de un año,10,Sí,3,Sí,Internet móvil,Casa,Windows,4,Sí,Sí
Sí,Masculino,33,La Paz,El Alto,8,Más de un año,2,Sí,3,Sí,Internet fijo,Casa,Windows,3,Sí,Sí
Sí,Femenino,35,La Paz,El Alto,6,Más de un año,6,Sí,1,Sí,Internet fijo,Casa,Windows,4,Sí,Sí
Sí,Femenino,30,La Paz,El Alto,7,Más de un año,7,Sí,1,Sí,Internet fijo,Casa,Linux,2,Sí,Sí
Sí,Masculino,55,La Paz,El Alto,30,Más de un año,6,No,1,Sí,Internet fijo,Casa,Windows,NA,No,No
Sí,Masculino,50,La Paz,El Alto,22,Más de un año,7,Sí,1,Sí,Internet fijo,Otro,Windows,3,Sí,Sí
Sí,Femenino,55,La Paz,El Alto,31,Más de un año,6,Sí,1,Sí,Internet fijo,Casa,Windows,3,No,No
Sí,Femenino,33,La Paz,El Alto,7,Más de un año,9,Sí,1,No,,,Windows,5,Sí,Sí
Sí,Femenino,38,La Paz,El Alto,9,Más de un año,5,No,1,Sí,Internet móvil,Casa,Windows,NA,No,Sí
Sí,Masculino,48,La Paz,El Alto,10,Más de un año,10,No,1,Sí,Internet móvil,Casa,Windows,NA,No,No
Sí,Femenino,55,La Paz,El Alto,31,Más de un año,9,No,3,Sí,Internet fijo,Casa,Windows,2,Sí,Sí
Sí,Femenino,31,La Paz,El Alto,7,Más de un año,7,No,2,Sí,Internet fijo,Casa,Windows,4,Sí,Sí
Sí,Masculino,59,La Paz,El Alto,45,Más de un año,15,No,2,Sí,Internet fijo,Casa,Windows,NA,No,No
Sí,Masculino,38,Santa Cruz,Santa Cruz de la Sierra,15,Más de un año,2,Sí,4,Sí,Internet fijo,Casa,Windows,3,Sí,Sí
Sí,Femenino,35,La Paz,El Alto,10,Más de un año,3,No,1,Sí,Internet móvil,Otro,Windows,NA,No,No
Sí,Masculino,32,La Paz,El Alto,7,Más de un año,7,No,1,Sí,Internet móvil,Casa,Windows,NA,No,No
Sí,Masculino,46,La Paz,La Paz,22,Más de un año,10,Sí,2,Sí,Internet fijo,Colegio,Windows,3,Sí,Sí
Sí,Femenino,55,La Paz,La Paz,31,Más de un año,5,Sí,1,Sí,Internet fijo,Casa,Windows,3,No,No
Sí,Masculino,48,La Paz,La Paz,20,Más de un año,2,Sí,1,Sí,Internet móvil,Casa,Windows,3,No,Sí
Sí,Femenino,43,La Paz,El Alto,25,Más de un año,7,Sí,2,Sí,Internet fijo,Casa,Windows,4,Sí,Sí
Sí,Masculino,37,La Paz,La Paz,11,Más de un año,7,Sí,1,Sí,Internet fijo,Casa,Windows,NA,No,No
Sí,Masculino,58,La Paz,La Paz,30,Más de un año,2,Sí,2,Sí,Internet móvil,Casa,Windows,NA,No,No
Sí,Femenino,50,La Paz,La Paz,20,Más de un año,3,Sí,1,Sí,Internet móvil,Casa,Windows,2,No,No
Sí,Masculino,44,La Paz,El Alto,20,Más de un año,2,Sí,2,Sí,Internet fijo,Casa,Windows,4,Sí,Sí
Sí,Masculino,50,La Paz,El Alto,26,Más de un año,15,No,2,Sí,Internet fijo,Casa,Windows,4,Sí,Sí
Sí,Masculino,59,La Paz,El Alto,33,Más de un año,14,No,1,Sí,Internet fijo,Casa,Windows,NA,No,No
Sí,Masculino,36,La Paz,El Alto,9,Más de un año,1,Sí,2,Sí,Internet móvil,Casa,Windows,4,Sí,Sí
Sí,Masculino,37,La Paz,El Alto,10,Más de un año,6,Sí,2,Sí,Internet fijo,Casa,Windows,2,No,Sí
Sí,Femenino,64,Santa Cruz,Santa Cruz de la Sierra,36,Más de un año,2,Sí,1,Sí,Internet móvil,Casa,Windows,3,No,No
Sí,Femenino,29,Santa Cruz,Santa Cruz de la Sierra,9,Más de un año,5,Sí,1,Sí,Internet móvil,Otro,Windows,NA,No,No
Sí,Masculino,54,La Paz,La Paz,26,Más de un año,19,Sí,1,Sí,Internet móvil,Casa,Windows,NA,No,Sí
No,Masculino,52,La Paz,La Paz,33,Más de un año,2,No,1,Sí,Internet móvil,Café Internet,Linux,3,No,Sí
Sí,Femenino,59,La Paz,El Alto,18,Más de un año,2,No,1,Sí,Internet fijo,Casa,Windows,4,Sí,No
Sí,Femenino,58,La Paz,El Alto,34,Más de un año,12,Sí,2,Sí,Internet fijo,Casa,Windows,NA,No,No
Sí,Femenino,35,La Paz,La Paz,4,Menos de un año,NA,Sí,NA,Sí,,,Windows,4,Sí,Sí
Sí,Femenino,30,Santa Cruz,Santa Cruz de la Sierra,9,Más de un año,4,Sí,3,Sí,Internet móvil,Casa,Windows,NA,Sí,Sí
Sí,Masculino,33,La Paz,El Alto,6,Más de un año,3,Sí,2,Sí,Internet móvil,Casa,Windows,3,Sí,Sí
Sí,Masculino,57,La Paz,El Alto,25,Más de un año,17,Sí,1,Sí,Internet fijo,Casa,Windows,NA,No,No
Sí,Masculino,54,La Paz,El Alto,17,Más de un año,10,Sí,1,Sí,Internet fijo,Casa,Windows,2,Sí,No
Sí,Femenino,54,La Paz,El Alto,30,Más de un año,5,No,1,No,,,Windows,NA,No,No
Sí,Femenino,35,La Paz,El Alto,10,Más de un año,6,No,1,Sí,Internet móvil,Casa,Windows,NA,No,No
Sí,Masculino,38,La Paz,El Alto,16,Más de un año,8,No,3,Sí,Internet móvil,Casa,Windows,2,Sí,Sí
Sí,Masculino,53,La Paz,El Alto,30,Más de un año,4,Sí,2,Sí,Internet fijo,Casa,Windows,3,Sí,Sí
Sí,Masculino,44,La Paz,La Paz,7,Más de un año,4,Sí,1,No,,,Windows,2,Sí,No
Sí,Femenino,37,La Paz,El Alto,13,Más de un año,11,Sí,1,No,Internet fijo,Casa,Windows,NA,No,No
Sí,Masculino,52,La Paz,El Alto,24,Más de un año,19,Sí,2,Sí,Internet fijo,Casa,Windows,NA,No,No
Sí,Femenino,46,La Paz,La Paz,21,Más de un año,17,Sí,1,Sí,Internet fijo,Casa,Windows,4,Sí,No
Sí,Masculino,54,La Paz,La Paz,22,Más de un año,19,No,1,No,Internet móvil,Casa,Windows,NA,No,No
Sí,Femenino,27,Santa Cruz,Santa Cruz de la Sierra,3,Más de un año,3,Sí,1,Sí,Internet fijo,Casa,Windows,4,Sí,No
Sí,Femenino,44,Santa Cruz,Santa Cruz de la Sierra,13,Menos de un año,NA,Sí,5,Sí,Internet móvil,Casa,Windows,4,Sí,Sí
Sí,Femenino,50,Santa Cruz,Santa Cruz de la Sierra,22,Más de un año,22,No,1,Sí,Internet móvil,Casa,Windows,3,Sí,Sí
Sí,Femenino,30,Santa Cruz,Santa Cruz de la Sierra,10,Más de un año,5,No,1,Sí,Internet fijo,Casa,Windows,2,Sí,Sí
Sí,Femenino,27,La Paz,La Paz,1,Más de un año,1,Sí,1,Sí,Internet móvil,Casa,Windows,NA,Sí,Sí
Sí,Masculino,51,La Paz,La Paz,24,Más de un año,2,Sí,1,Sí,Internet móvil,Café Internet,Windows,NA,No,No
Sí,Femenino,34,La Paz,La Paz,7,Menos de un año,NA,No,1,Sí,,,Windows,NA,No,Sí
Sí,Femenino,37,La Paz,La Paz,14,Más de un año,9,Sí,2,Sí,Internet fijo,Casa,Windows,1,No,No
Sí,Femenino,33,La Paz,La Paz,5,Menos de un año,NA,No,1,Sí,Internet fijo,Casa,Windows,1,Sí,No
Sí,Femenino,31,Chuquisaca,Yotala,7,Más de un año,4,Sí,2,Sí,Internet fijo,Casa,Windows,1,Sí,Sí
Sí,Masculino,63,La Paz,La Paz,38,Más de un año,9,Sí,NA,No,Internet móvil,Café Internet,Windows,1,Sí,Sí
Sí,Masculino,45,La Paz,El Alto,18,Más de un año,12,Sí,1,Sí,Internet fijo,Otro,Windows,3,Sí,Sí
Sí,Femenino,57,La Paz,La Paz,30,Más de un año,26,Sí,2,Sí,Internet fijo,Casa,Windows,4,Sí,Sí
Sí,Femenino,38,La Paz,La Paz,8,Más de un año,3,Sí,2,Sí,Internet fijo,Casa,Windows,3,Sí,Sí
Sí,Masculino,28,La Paz,La Paz,7,Más de un año,2,No,2,Sí,Internet móvil,Casa,Windows,3,Sí,Sí
Sí,Masculino,44,La Paz,El Alto,6,Más de un año,6,Sí,1,No,Internet móvil,Casa,Windows,3,Sí,No
Sí,Femenino,45,La Paz,La Paz,21,Más de un año,19,Sí,1,Sí,Internet fijo,Casa,Windows,3,Sí,Sí
Sí,Femenino,50,La Paz,La Paz,23,Más de un año,1,Sí,3,Sí,,,Windows,5,Sí,Sí
Sí,Masculino,33,La Paz,La Paz,8,Más de un año,3,Sí,1,Sí,Internet móvil,Casa,Windows,NA,No,No
Sí,Masculino,43,La Paz,La Paz,18,Más de un año,6,Sí,1,Sí,Internet móvil,Otro,Windows,4,Sí,Sí
Sí,Femenino,46,La Paz,La Paz,20,Más de un año,2,Sí,1,Sí,Internet fijo,Casa,Windows,NA,No,Sí
Sí,Femenino,36,La Paz,La Paz,9,Menos de un año,NA,Sí,1,Sí,Internet móvil,Café Internet,Windows,2,No,No
Sí,Masculino,28,La Paz,La Paz,6,Menos de un año,NA,Sí,1,Sí,,,Linux,5,No,No
Sí,Femenino,47,La Paz,La Paz,20,Más de un año,2,Sí,1,No,Internet fijo,Casa,Windows,3,No,No
Sí,Femenino,28,La Paz,La Paz,4,Menos de un año,NA,Sí,1,Sí,Internet móvil,Café Internet,Windows,NA,No,No
Sí,Masculino,31,La Paz,La Paz,7,Más de un año,4,Sí,2,Sí,Internet fijo,Casa,Windows,3,Sí,Sí
Sí,Femenino,42,Cochabamba,Quillacollo,19,Más de un año,19,Sí,1,Sí,Internet fijo,Casa,Windows,NA,No,No
Sí,Femenino,58,La Paz,La Paz,35,Más de un año,25,Sí,2,Sí,Internet fijo,Casa,Windows,NA,No,No
Sí,Femenino,33,La Paz,La Paz,6,Más de un año,6,No,2,No,Internet fijo,Casa,Windows,NA,No,Sí
Sí,Femenino,37,La Paz,La Paz,16,Más de un año,13,Sí,1,Sí,Internet fijo,Casa,Linux,3,Sí,No
No,Masculino,43,La Paz,La Paz,11,Más de un año,2,Sí,1,Sí,Internet fijo,Casa,Windows,4,Sí,No
Sí,Masculino,28,La Paz,El Alto,5,Menos de un año,NA,No,1,Sí,Internet fijo,Casa,Windows,3,Sí,Sí
Sí,Femenino,34,La Paz,La Paz,10,Más de un año,5,Sí,2,Sí,Internet fijo,Casa,Windows,3,No,No
Sí,Femenino,45,La Paz,La Paz,18,Más de un año,6,Sí,2,Sí,Internet fijo,Otro,Windows,2,Sí,Sí
Sí,Femenino,46,La Paz,La Paz,12,Más de un año,7,Sí,2,Sí,Internet móvil,Otro,Windows,3,Sí,No
Sí,Femenino,45,Oruro,Oruro,22,Más de un año,17,Sí,2,No,Internet fijo,Casa,Windows,3,No,Sí
Sí,Femenino,39,La Paz,La Paz,6,Más de un año,4,No,1,Sí,Internet móvil,Café Internet,Linux,3,No,No
No,Masculino,38,La Paz,La Paz,11,Menos de un año,NA,No,4,Sí,Internet móvil,Casa,Windows,3,Sí,Sí
Sí,Femenino,54,Cochabamba,Quillacollo,29,Más de un año,17,Sí,1,Sí,Internet fijo,Casa,Linux,NA,No,No
Sí,Masculino,34,La Paz,La Paz,7,Menos de un año,NA,Sí,1,Sí,,,Windows,NA,Sí,No
Sí,Femenino,50,La Paz,La Paz,13,Más de un año,13,No,2,Sí,Internet fijo,Casa,Windows,1,Sí,Sí
Sí,Femenino,46,La Paz,La Paz,22,Más de un año,14,No,2,No,Internet fijo,Casa,Otro,NA,No,Sí
Sí,Femenino,56,La Paz,La Paz,26,Más de un año,23,No,2,No,Internet fijo,Casa,Windows,NA,No,No
Sí,Masculino,45,La Paz,La Paz,19,Más de un año,10,Sí,1,Sí,Internet móvil,Casa,Windows,1,Sí,Sí
Sí,Masculino,31,La Paz,La Paz,10,Más de un año,4,Sí,2,Sí,Internet fijo,Otro,Windows,4,Sí,Sí
Sí,Femenino,40,La Paz,La Paz,16,Más de un año,11,Sí,2,Sí,Internet fijo,Casa,Windows,1,Sí,No
Sí,Femenino,43,La Paz,La Paz,18,Más de un año,5,Sí,1,Sí,Internet fijo,Casa,Windows,NA,No,No
No,Masculino,55,La Paz,La Paz,28,Más de un año,7,No,2,Sí,Internet fijo,Casa,Windows,NA,No,No
Sí,Femenino,42,La Paz,La Paz,11,Más de un año,12,Sí,1,Sí,Internet móvil,Casa,Windows,NA,No,No
Sí,Femenino,54,La Paz,La Paz,20,Más de un año,10,Sí,1,Sí,Internet móvil,Casa,Windows,3,Sí,Sí
No,Femenino,32,La Paz,El Alto,10,Más de un año,8,Sí,1,Sí,,,Windows,1,Sí,No
Sí,Femenino,43,La Paz,La Paz,23,Más de un año,16,No,2,Sí,Internet móvil,Casa,Windows,NA,No,No
Sí,Femenino,50,La Paz,La Paz,27,Más de un año,17,Sí,1,Sí,Internet fijo,Casa,Windows,4,Sí,No
Sí,Femenino,39,La Paz,El Alto,10,Más de un año,8,No,2,Sí,Internet fijo,Casa,Windows,NA,No,No
Sí,Femenino,55,La Paz,La Paz,33,Más de un año,6,Sí,1,Sí,Internet fijo,Casa,Windows,NA,No,No
Sí,Femenino,49,La Paz,La Paz,25,Más de un año,5,Sí,1,Sí,Internet fijo,Casa,Windows,NA,Sí,No
Sí,Masculino,39,La Paz,El Alto,6,Más de un año,3,Sí,1,Sí,Internet fijo,Casa,Windows,3,No,Sí
Sí,Masculino,38,La Paz,La Paz,10,Más de un año,6,Sí,1,Sí,Internet fijo,Casa,Windows,2,Sí,Sí
Sí,Femenino,40,La Paz,La Paz,17,Más de un año,6,Sí,1,Sí,,,Windows,NA,No,No
Sí,Femenino,58,La Paz,La Paz,30,Más de un año,10,No,1,No,Internet móvil,Casa,Windows,NA,No,No
Sí,Femenino,55,La Paz,El Alto,27,Más de un año,9,No,NA,N/A,Internet móvil,Casa,Windows,NA,No,No
Sí,Masculino,42,La Paz,La Paz,18,Más de un año,4,Sí,1,Sí,Internet fijo,Casa,Windows,3,Sí,Sí
Sí,Masculino,35,La Paz,El Alto,13,Menos de un año,NA,Sí,1,Sí,Internet móvil,Casa,Windows,4,Sí,No
Sí,Femenino,35,Santa Cruz,Santa Cruz de la Sierra,10,Más de un año,2,No,1,Sí,Internet fijo,Casa,Windows,3,Sí,No
Sí,Femenino,41,Chuquisaca,Sucre,12,Más de un año,4,Sí,2,Sí,Internet móvil,Otro,Windows,3,Sí,Sí
Sí,Femenino,39,Santa Cruz,Santa Cruz de la Sierra,9,Más de un año,9,Sí,1,Sí,Internet móvil,Casa,Windows,NA,No,No
Sí,Masculino,58,Santa Cruz,Santa Cruz de la Sierra,19,Más de un año,19,Sí,2,Sí,Internet móvil,Casa,Windows,NA,No,Sí
Sí,Masculino,43,La Paz,El Alto,20,Más de un año,7,Sí,2,Sí,Internet fijo,Casa,Windows,2,Sí,Sí
Sí,Femenino,65,La Paz,La Paz,40,Más de un año,4,Sí,1,Sí,Internet móvil,Casa,Windows,NA,No,No
Sí,Masculino,65,Oruro,Oruro,30,Más de un año,10,Sí,2,Sí,Internet fijo,Casa,Windows,NA,No,No
Sí,Masculino,63,Oruro,Oruro,5,Menos de un año,NA,No,1,Sí,Internet móvil,Casa,Linux,4,Sí,Sí
Sí,Masculino,48,La Paz,La Paz,19,Más de un año,4,Sí,1,No,Internet móvil,Café Internet,Windows,1,Sí,Sí
Sí,Femenino,38,Chuquisaca,Sucre,11,Más de un año,3,Sí,3,Sí,,,Windows,4,Sí,Sí
Sí,Masculino,44,La Paz,La Paz,17,Más de un año,1,No,1,Sí,Internet móvil,Casa,Windows,NA,No,Sí
Sí,Femenino,39,La Paz,El Alto,14,Más de un año,8,Sí,1,No,Internet fijo,Casa,Windows,5,Sí,No
Sí,Femenino,48,Chuquisaca,Sucre,15,Más de un año,6,Sí,1,Sí,,,Windows,2,Sí,No
Sí,Masculino,44,La Paz,El Alto,15,Más de un año,13,No,1,No,,,Windows,NA,No,No
Sí,Femenino,39,Santa Cruz,Santa Cruz de la Sierra,12,Más de un año,5,Sí,1,Sí,,,Windows,1,Sí,No
Sí,Femenino,37,Chuquisaca,Sucre,8,Más de un año,2,Sí,1,Sí,,,Windows,1,Sí,Sí
Sí,Femenino,34,La Paz,La Paz,12,Más de un año,9,Sí,3,Sí,Internet fijo,Casa,Windows,4,Sí,No
Sí,Femenino,30,Santa Cruz,Santa Cruz de la Sierra,4,Más de un año,2,No,1,Sí,Internet fijo,Casa,Windows,1,No,Sí
Sí,Femenino,45,La Paz,El Alto,23,Menos de un año,NA,Sí,2,Sí,Internet móvil,Casa,Windows,4,Sí,No
Sí,Masculino,43,La Paz,La Paz,22,Más de un año,3,Sí,1,Sí,,,Otro,4,Sí,No
Sí,Masculino,62,La Paz,La Paz,39,Más de un año,35,No,1,Sí,,,Windows,NA,No,No
Sí,Femenino,56,Santa Cruz,Santa Cruz de la Sierra,31,Más de un año,26,Sí,1,Sí,Internet fijo,Casa,Windows,3,Sí,Sí
Sí,Femenino,45,Chuquisaca,Sucre,15,Más de un año,6,Sí,1,Sí,,,Windows,NA,No,No
Sí,Femenino,49,Chuquisaca,Sucre,17,Más de un año,8,Sí,1,N/A,,,Windows,2,Sí,No
Sí,Femenino,32,Chuquisaca,Sucre,4,Menos de un año,NA,Sí,2,Sí,Internet móvil,Casa,Windows,3,Sí,Sí
Sí,Masculino,60,La Paz,La Paz,31,Más de un año,4,Sí,2,Sí,Internet fijo,Casa,Windows,2,Sí,Sí
Sí,Masculino,71,La Paz,La Paz,44,Más de un año,44,Sí,2,Sí,,,Windows,NA,No,No
Sí,Femenino,31,La Paz,La Paz,8,Más de un año,4,Sí,2,Sí,Internet fijo,Casa,Windows,2,Sí,No
Sí,Masculino,38,La Paz,El Alto,12,Más de un año,1,Sí,1,Sí,Internet móvil,Casa,Windows,3,Sí,Sí
Sí,Masculino,60,La Paz,La Paz,35,Más de un año,11,Sí,2,Sí,Internet fijo,Casa,Windows,3,Sí,No
Sí,Masculino,46,La Paz,El Alto,19,Más de un año,6,Sí,2,Sí,Internet móvil,Casa,Windows,4,No,Sí
Sí,Femenino,34,Santa Cruz,Santa Cruz de la Sierra,6,Más de un año,4,Sí,1,Sí,Internet fijo,Casa,Windows,NA,No,No
Sí,Masculino,56,La Paz,La Paz,25,Más de un año,21,Sí,3,Sí,Internet fijo,Casa,Windows,3,Sí,No
Sí,Femenino,42,La Paz,La Paz,15,Más de un año,7,Sí,2,Sí,Internet fijo,Casa,Windows,2,No,No
Sí,Masculino,49,La Paz,El Alto,16,Menos de un año,NA,No,1,Sí,Internet móvil,Casa,Windows,NA,No,No
Sí,Femenino,36,Oruro,Oruro,8,Más de un año,5,No,1,Sí,Internet móvil,Otro,Windows,3,Sí,Sí
Sí,Femenino,51,Oruro,Oruro,26,Más de un año,10,No,1,Sí,Internet móvil,Casa,Windows,4,Sí,Sí
Sí,Femenino,50,Beni,Trinidad,22,Más de un año,20,No,2,Sí,,,Windows,NA,No,Sí
Sí,Femenino,35,Santa Cruz,Santa Cruz de la Sierra,12,Más de un año,6,No,2,Sí,Internet fijo,Casa,Windows,3,Sí,No
Sí,Femenino,32,Santa Cruz,Santa Cruz de la Sierra,7,Más de un año,4,No,1,Sí,Internet móvil,Casa,Windows,NA,No,No
Sí,Masculino,58,La Paz,La Paz,38,Más de un año,29,No,2,Sí,Internet fijo,Casa,Windows,3,No,No
Sí,Femenino,42,Cochabamba,Sacaba,20,Menos de un año,NA,No,1,Sí,Internet móvil,Casa,Windows,2,Sí,No
Sí,Femenino,45,Cochabamba,Sacaba,21,Más de un año,8,No,2,Sí,Internet móvil,Casa,Windows,2,Sí,No
Sí,Femenino,50,La Paz,La Paz,25,Más de un año,14,Sí,2,No,Internet fijo,Casa,Windows,NA,No,No
Sí,Femenino,35,La Paz,La Paz,8,Más de un año,2,Sí,1,Sí,Internet fijo,Casa,Windows,1,Sí,Sí
Sí,Femenino,43,La Paz,El Alto,20,Más de un año,6,Sí,1,Sí,Internet móvil,Casa,Windows,4,Sí,Sí
Sí,Femenino,37,Cochabamba,Sacaba,13,Más de un año,2,Sí,2,Sí,Internet fijo,Casa,Windows,1,Sí,No
Sí,Masculino,41,Cochabamba,Sacaba,19,Más de un año,12,Sí,3,Sí,Internet móvil,Otro,Windows,1,Sí,No
Sí,Femenino,52,Cochabamba,Sacaba,28,Más de un año,16,Sí,2,Sí,,,Windows,NA,No,No
No,Masculino,56,La Paz,La Paz,30,Menos de un año,NA,No,2,No,,,Windows,NA,No,No
Sí,Femenino,39,La Paz,La Paz,6,Menos de un año,NA,Sí,1,Sí,Internet móvil,Casa,Windows,3,Sí,Sí
Sí,Femenino,50,La Paz,El Alto,21,Más de un año,10,Sí,2,Sí,Internet fijo,Casa,Windows,3,No,No
Sí,Femenino,27,Santa Cruz,Santa Cruz de la Sierra,5,Más de un año,2,No,1,Sí,Internet móvil,Casa,Windows,NA,No,No
Sí,Femenino,47,Santa Cruz,Montero,20,Más de un año,2,Sí,2,Sí,Internet fijo,Casa,Windows,NA,No,No
Sí,Masculino,31,Beni,Trinidad,3,Más de un año,2,Sí,3,Sí,Internet móvil,Casa,Windows,4,Sí,Sí
Sí,Femenino,61,Oruro,Oruro,30,Más de un año,15,Sí,1,Sí,Internet móvil,Colegio,Windows,3,Sí,Sí
Sí,Masculino,34,La Paz,El Alto,10,Más de un año,3,Sí,1,Sí,Internet móvil,Casa,Windows,4,Sí,No
Sí,Femenino,34,La Paz,El Alto,12,Más de un año,8,Sí,1,Sí,Internet móvil,Otro,Windows,2,Sí,Sí
Sí,Femenino,33,Oruro,Oruro,12,Más de un año,8,Sí,1,Sí,Internet móvil,Casa,Windows,NA,No,Sí
Sí,Masculino,20,Tarija,Tarija,6,Más de un año,2,Sí,1,Sí,Internet móvil,Café Internet,Windows,3,Sí,Sí
Sí,Femenino,57,La Paz,La Paz,35,Más de un año,18,Sí,1,Sí,Internet móvil,Casa,Windows,NA,No,Sí
Sí,Femenino,45,Oruro,Oruro,23,Más de un año,19,Sí,1,Sí,Internet fijo,Casa,Windows,1,Sí,No
Sí,Masculino,65,La Paz,La Paz,40,Más de un año,11,Sí,1,Sí,Internet móvil,Café Internet,Linux,4,Sí,Sí
Sí,Femenino,39,La Paz,El Alto,8,Más de un año,5,No,1,Sí,Internet móvil,Casa,Windows,NA,Sí,Sí
Sí,Masculino,78,Cochabamba,Quillacollo,11,Más de un año,5,No,1,Sí,Internet móvil,Café Internet,Windows,2,Sí,Sí
Sí,Femenino,45,La Paz,La Paz,20,Más de un año,13,Sí,2,Sí,Internet móvil,Casa,Windows,4,Sí,No
Sí,Femenino,45,Santa Cruz,Montero,8,Más de un año,8,Sí,1,No,,,Windows,NA,No,No
No,Masculino,39,La Paz,La Paz,12,Más de un año,5,Sí,1,Sí,Internet móvil,Casa,Windows,NA,No,No
Sí,Femenino,29,Santa Cruz,Montero,8,Más de un año,7,Sí,1,Sí,Internet fijo,Casa,Windows,NA,No,No
Sí,Femenino,38,La Paz,La Paz,14,Más de un año,2,Sí,1,Sí,Internet móvil,Casa,Windows,3,Sí,No
Sí,Femenino,56,Beni,Trinidad,32,Más de un año,26,Sí,1,Sí,Internet fijo,Casa,Windows,2,Sí,Sí
Sí,Femenino,56,Beni,Trinidad,33,Más de un año,30,Sí,1,Sí,Internet móvil,Casa,Windows,3,Sí,No
Sí,Femenino,35,La Paz,La Paz,7,Más de un año,2,No,2,Sí,Internet fijo,Casa,Windows,1,Sí,No
Sí,Masculino,53,La Paz,La Paz,21,Más de un año,8,No,1,No,Internet fijo,Casa,Windows,NA,Sí,No
Sí,Masculino,55,La Paz,El Alto,30,Más de un año,23,Sí,2,Sí,Internet fijo,Casa,Windows,2,No,No
Sí,Femenino,34,Beni,Trinidad,9,Más de un año,9,No,NA,No,Internet móvil,Casa,Windows,4,Sí,Sí
Sí,Femenino,52,La Paz,La Paz,25,Más de un año,10,Sí,1,Sí,Internet fijo,Casa,Windows,NA,No,No
Sí,Femenino,54,La Paz,La Paz,27,Menos de un año,NA,Sí,2,Sí,Internet fijo,Casa,Windows,3,Sí,Sí
Sí,Masculino,47,La Paz,La Paz,21,Más de un año,7,Sí,2,Sí,Internet fijo,Casa,Windows,2,Sí,Sí
Sí,Masculino,47,La Paz,El Alto,23,Más de un año,1,Sí,2,Sí,Internet móvil,Casa,Windows,NA,No,No
Sí,Femenino,36,La Paz,La Paz,7,Más de un año,4,Sí,2,Sí,,,Windows,3,Sí,No
Sí,Masculino,46,La Paz,La Paz,20,Menos de un año,NA,Sí,1,Sí,Internet móvil,Casa,Windows,NA,No,Sí
Sí,Masculino,50,Oruro,Oruro,25,Más de un año,22,Sí,3,Sí,Internet fijo,Casa,Windows,4,Sí,Sí
Sí,Masculino,61,La Paz,El Alto,33,Más de un año,9,Sí,1,Sí,Internet fijo,Casa,Windows,2,Sí,Sí
Sí,Masculino,51,La Paz,La Paz,26,Más de un año,3,Sí,1,Sí,Internet móvil,Casa,Windows,4,Sí,Sí
Sí,Masculino,40,La Paz,El Alto,14,Menos de un año,NA,Sí,1,Sí,Internet fijo,Casa,Windows,5,Sí,No
Sí,Masculino,45,Oruro,Oruro,10,Más de un año,3,No,1,Sí,Internet fijo,Colegio,Windows,NA,Sí,No
Sí,Masculino,50,Oruro,Oruro,33,Más de un año,20,No,2,No,Internet fijo,Casa,Windows,NA,No,No
Sí,Femenino,35,La Paz,El Alto,12,Más de un año,10,Sí,2,Sí,Internet fijo,Casa,Windows,NA,No,No
Sí,Femenino,45,La Paz,El Alto,19,Más de un año,4,Sí,2,Sí,Internet móvil,Casa,Windows,NA,No,No
Sí,Femenino,48,La Paz,El Alto,16,Más de un año,14,No,1,Sí,Internet móvil,Otro,Windows,NA,No,No
Sí,Femenino,50,La Paz,La Paz,27,Más de un año,4,No,1,Sí,Internet fijo,Casa,Windows,NA,No,No
Sí,Femenino,54,Oruro,Oruro,28,Más de un año,8,Sí,1,No,,,Windows,NA,Sí,Sí
Sí,Femenino,35,Oruro,Oruro,5,Más de un año,2,Sí,1,Sí,Internet móvil,Casa,Windows,3,Sí,Sí
Sí,Femenino,39,La Paz,La Paz,8,Más de un año,4,Sí,1,Sí,Internet fijo,Casa,Windows,NA,No,No
Sí,Femenino,35,La Paz,La Paz,14,Más de un año,11,Sí,1,Sí,Internet fijo,Casa,Windows,NA,No,No
Sí,Femenino,61,La Paz,La Paz,34,Más de un año,11,Sí,2,Sí,Internet fijo,Casa,Windows,2,No,No
Sí,Femenino,39,Tarija,Tarija,30,Más de un año,2,Sí,1,Sí,Internet fijo,Casa,Windows,4,Sí,Sí
Sí,Femenino,31,La Paz,La Paz,6,Menos de un año,NA,No,1,Sí,Internet móvil,Casa,Windows,3,Sí,Sí
Sí,Masculino,39,Beni,Trinidad,20,Más de un año,20,Sí,2,No,,,Windows,NA,Sí,No
Sí,Femenino,35,Beni,Trinidad,8,Más de un año,3,Sí,2,Sí,Internet fijo,Casa,Windows,NA,Sí,No
Sí,Femenino,65,Oruro,Oruro,34,Más de un año,30,Sí,3,Sí,Internet fijo,Casa,Windows,2,Sí,No
Sí,Masculino,60,Oruro,Machacamarca,33,Más de un año,5,Sí,1,Sí,Internet fijo,Casa,Windows,3,Sí,Sí
Sí,Femenino,53,La Paz,La Paz,20,Más de un año,3,Sí,1,Sí,Internet fijo,Casa,Windows,1,Sí,Sí
Sí,Masculino,67,La Paz,La Paz,35,Más de un año,20,Sí,1,Sí,Internet fijo,Casa,Windows,NA,No,No
Sí,Femenino,47,Oruro,Oruro,22,Más de un año,20,No,1,Sí,Internet móvil,Casa,Windows,3,No,No
Sí,Masculino,40,Cochabamba,Sacaba,20,Menos de un año,NA,Sí,1,Sí,Internet fijo,Casa,Windows,2,Sí,Sí
Sí,Femenino,35,La Paz,La Paz,8,Más de un año,5,Sí,2,Sí,,,Windows,4,No,No
Sí,Masculino,29,Beni,Trinidad,5,Más de un año,3,No,1,Sí,Internet fijo,Casa,Windows,3,Sí,Sí
Sí,Masculino,59,Oruro,Machacamarca,30,Más de un año,18,Sí,1,Sí,Internet móvil,Colegio,Windows,3,Sí,Sí
Sí,Masculino,51,La Paz,El Alto,20,Más de un año,14,Sí,1,Sí,Internet móvil,Casa,Windows,4,Sí,Sí
Sí,Masculino,43,La Paz,La Paz,3,Más de un año,1,No,1,Sí,,,Windows,4,Sí,No
Sí,Masculino,40,La Paz,La Paz,6,Más de un año,3,No,1,Sí,,,Windows,3,Sí,Sí
Sí,Femenino,58,Tarija,Tarija,26,Más de un año,20,Sí,1,Sí,Internet fijo,Casa,Windows,4,Sí,Sí
Sí,Femenino,57,La Paz,La Paz,22,Más de un año,4,Sí,2,Sí,,,Windows,3,No,No
Sí,Masculino,40,La Paz,La Paz,17,Menos de un año,NA,Sí,1,Sí,Internet fijo,Casa,Windows,4,Sí,Sí
Sí,Femenino,58,La Paz,La Paz,30,Más de un año,3,Sí,2,No,,,Windows,NA,No,No
Sí,Masculino,57,Oruro,Machacamarca,25,Más de un año,12,Sí,1,Sí,Internet fijo,Casa,Windows,2,Sí,Sí
Sí,Masculino,45,La Paz,La Paz,15,Más de un año,2,No,2,Sí,Internet móvil,Casa,Windows,2,No,No
Sí,Femenino,55,La Paz,La Paz,40,Más de un año,39,Sí,1,Sí,,,Windows,NA,No,No
Sí,Femenino,49,La Paz,La Paz,27,Más de un año,13,Sí,1,Sí,Internet móvil,Casa,Windows,3,No,No
Sí,Masculino,46,La Paz,La Paz,7,Más de un año,3,No,1,Sí,,,Windows,4,Sí,No
Sí,Femenino,35,La Paz,La Paz,7,Más de un año,2,No,1,Sí,,,Windows,4,Sí,Sí
Sí,Masculino,59,Oruro,Machacamarca,32,Más de un año,20,No,1,Sí,Internet móvil,Colegio,Windows,2,Sí,Sí
Sí,Femenino,38,La Paz,La Paz,6,Más de un año,3,Sí,1,Sí,Internet móvil,Casa,Windows,4,No,No
Sí,Masculino,50,La Paz,La Paz,12,Menos de un año,NA,No,1,Sí,,,Windows,3,No,No
Sí,Masculino,39,La Paz,La Paz,15,Más de un año,12,Sí,1,Sí,Internet fijo,Casa,Windows,5,No,No
Sí,Masculino,57,La Paz,La Paz,15,Más de un año,5,Sí,2,No,,,Windows,1,No,Sí
No,Femenino,60,La Paz,La Paz,27,Más de un año,24,Sí,1,Sí,,,Windows,2,Sí,No
Sí,Masculino,39,La Paz,La Paz,5,Más de un año,1,No,1,Sí,,,Windows,4,Sí,Sí
Sí,Femenino,38,La Paz,La Paz,17,Más de un año,2,Sí,2,Sí,Internet móvil,Casa,Windows,3,Sí,No
Sí,Femenino,51,Oruro,Oruro,23,Más de un año,9,No,1,Sí,Internet móvil,Café Internet,Windows,3,Sí,Sí
Sí,Femenino,45,La Paz,La Paz,6,Más de un año,3,No,1,No,,,Windows,4,Sí,Sí
Sí,Femenino,41,La Paz,La Paz,9,Más de un año,4,No,1,No,,,Windows,3,Sí,Sí
Sí,Masculino,51,La Paz,La Paz,14,Más de un año,3,Sí,1,Sí,,,Windows,NA,No,No
Sí,Masculino,49,La Paz,La Paz,10,Más de un año,2,Sí,2,Sí,Internet móvil,Casa,Windows,3,No,No
Sí,Femenino,56,Oruro,Machacamarca,16,Más de un año,9,No,1,Sí,Internet móvil,Colegio,Windows,3,Sí,Sí
Sí,Femenino,39,Tarija,Tarija,20,Más de un año,10,Sí,2,Sí,Internet fijo,Casa,Windows,4,Sí,Sí
Sí,Masculino,58,Beni,Trinidad,23,Más de un año,15,Sí,2,Sí,Internet fijo,Casa,Windows,3,Sí,Sí
Sí,Femenino,41,Tarija,Tarija,17,Más de un año,8,Sí,2,Sí,Internet móvil,Casa,Windows,NA,Sí,Sí
Sí,Masculino,50,La Paz,La Paz,12,Más de un año,7,No,1,Sí,,,Windows,4,Sí,Sí
Sí,Femenino,49,La Paz,La Paz,8,Más de un año,3,No,1,Sí,,,Windows,4,Sí,Sí
Sí,Femenino,45,La Paz,El Alto,11,Más de un año,9,Sí,3,Sí,Internet fijo,Casa,Windows,4,Sí,No
Sí,Masculino,62,Beni,Trinidad,37,Más de un año,23,No,NA,Sí,Internet móvil,Casa,Windows,NA,Sí,Sí
Sí,Masculino,40,Tarija,Tarija,15,Menos de un año,NA,Sí,1,Sí,Internet móvil,Casa,Windows,1,Sí,Sí
Sí,Femenino,46,La Paz,La Paz,12,Más de un año,3,Sí,1,No,,,Windows,4,Sí,Sí
Sí,Masculino,42,Tarija,Tarija,15,Más de un año,5,Sí,1,Sí,Internet móvil,Casa,Windows,4,Sí,Sí
Sí,Femenino,55,Tarija,Tarija,34,Más de un año,1,Sí,1,Sí,Internet móvil,Colegio,Windows,4,Sí,Sí
Sí,Femenino,50,Tarija,Tarija,25,Más de un año,9,Sí,1,Sí,Internet móvil,Colegio,Windows,3,Sí,Sí
Sí,Femenino,46,La Paz,La Paz,9,Más de un año,4,No,1,Sí,,,Windows,4,Sí,Sí
Sí,Femenino,43,La Paz,La Paz,8,Más de un año,3,No,1,Sí,,,Windows,3,Sí,Sí
Sí,Femenino,45,La Paz,La Paz,19,Más de un año,9,Sí,2,Sí,Internet móvil,Casa,Windows,NA,No,No
Sí,Masculino,62,Oruro,Machacamarca,23,Más de un año,20,Sí,1,Sí,Internet fijo,Casa,Windows,4,Sí,Sí
Sí,Masculino,48,Oruro,Oruro,20,Más de un año,18,Sí,3,Sí,Internet móvil,Casa,Windows,3,Sí,Sí
Sí,Femenino,57,Oruro,Machacamarca,32,Más de un año,26,No,1,Sí,Internet móvil,Casa,Windows,3,Sí,Sí
Sí,Masculino,70,La Paz,La Paz,35,Más de un año,20,Sí,1,Sí,,,Windows,4,Sí,Sí
Sí,Femenino,29,Beni,Trinidad,7,Más de un año,2,Sí,1,Sí,Internet móvil,Casa,Windows,3,No,No
Sí,Femenino,35,La Paz,La Paz,19,Más de un año,12,Sí,6,Sí,Internet fijo,Casa,Windows,4,Sí,Sí
Sí,Masculino,37,La Paz,La Paz,8,Más de un año,4,Sí,1,Sí,Internet móvil,Casa,Windows,4,Sí,No
Sí,Femenino,35,La Paz,El Alto,11,Más de un año,8,Sí,3,Sí,Internet fijo,Casa,Windows,2,Sí,Sí
Sí,Femenino,64,La Paz,La Paz,29,Más de un año,22,Sí,1,Sí,Internet móvil,Casa,Linux,5,Sí,No
Sí,Masculino,67,La Paz,La Paz,35,Más de un año,16,Sí,2,Sí,,,Windows,2,No,No
Sí,Femenino,45,La Paz,La Paz,12,Más de un año,5,Sí,3,Sí,,,Windows,NA,No,No
Sí,Femenino,31,La Paz,La Paz,8,Más de un año,3,Sí,2,Sí,Internet fijo,Casa,Windows,4,Sí,Sí
Sí,Masculino,25,La Paz,El Alto,1,Menos de un año,NA,No,1,Sí,,,Windows,3,Sí,Sí
Sí,Femenino,41,La Paz,La Paz,10,Más de un año,4,No,2,Sí,Internet móvil,Casa,Windows,3,No,No
Sí,Femenino,45,La Paz,La Paz,8,Más de un año,3,No,2,Sí,Internet móvil,Casa,Windows,NA,Sí,No
No,Masculino,29,La Paz,El Alto,4,Menos de un año,NA,No,1,Sí,,,Windows,3,Sí,No
Sí,Masculino,37,La Paz,La Paz,13,Más de un año,2,Sí,3,Sí,Internet fijo,Casa,Windows,3,Sí,No
Sí,Masculino,52,Beni,Trinidad,20,Más de un año,4,Sí,1,Sí,Internet móvil,Casa,Windows,3,Sí,Sí
Sí,Femenino,49,La Paz,La Paz,20,Menos de un año,NA,No,1,Sí,Internet fijo,Casa,Windows,4,Sí,Sí
Sí,Femenino,46,La Paz,La Paz,21,Más de un año,2,Sí,2,Sí,Internet móvil,Casa,Windows,1,No,No
No,Femenino,34,La Paz,El Alto,3,Menos de un año,NA,No,2,No,,,Windows,NA,No,Sí
Sí,Masculino,49,La Paz,La Paz,15,Más de un año,4,No,2,Sí,Internet móvil,Casa,Windows,NA,No,No
Sí,Femenino,40,La Paz,El Alto,12,Más de un año,5,Sí,2,Sí,Internet fijo,Casa,Windows,4,Sí,Sí
Sí,Femenino,40,La Paz,La Paz,15,Más de un año,3,Sí,1,Sí,Internet móvil,Casa,Windows,3,No,Sí
Sí,Femenino,31,Santa Cruz,Santa Cruz de la Sierra,10,Más de un año,6,Sí,1,Sí,Internet móvil,Casa,Windows,4,Sí,Sí
Sí,Masculino,40,La Paz,El Alto,17,Más de un año,3,Sí,4,Sí,Internet fijo,Casa,Windows,1,Sí,No
Sí,Femenino,43,La Paz,La Paz,19,Más de un año,2,Sí,NA,Sí,Internet móvil,Casa,Windows,4,Sí,Sí
Sí,Masculino,33,La Paz,El Alto,8,Más de un año,3,Sí,2,Sí,Internet fijo,Casa,Windows,3,Sí,Sí
Sí,Masculino,27,La Paz,El Alto,4,Menos de un año,NA,No,NA,N/A,,,Windows,4,Sí,Sí
Sí,Masculino,43,Santa Cruz,Santa Cruz de la Sierra,14,Más de un año,12,Sí,1,Sí,Internet fijo,Casa,Windows,2,Sí,Sí
Sí,Femenino,64,Tarija,Tarija,39,Menos de un año,NA,Sí,1,Sí,Internet fijo,Casa,Windows,2,Sí,Sí
Sí,Femenino,50,La Paz,La Paz,27,Más de un año,12,No,1,Sí,,,Windows,NA,No,Sí
Sí,Masculino,35,La Paz,El Alto,12,Más de un año,6,Sí,1,Sí,Internet fijo,Casa,Windows,1,No,Sí
Sí,Femenino,54,La Paz,La Paz,20,Más de un año,6,Sí,1,No,Internet móvil,Otro,Windows,NA,No,No
Sí,Femenino,42,Beni,Trinidad,8,Más de un año,4,Sí,1,Sí,Internet fijo,Casa,Windows,NA,Sí,Sí
Sí,Masculino,51,Santa Cruz,Santa Cruz de la Sierra,20,Más de un año,10,Sí,1,Sí,Internet fijo,Casa,Windows,5,Sí,Sí
Sí,Femenino,30,Santa Cruz,Santa Cruz de la Sierra,10,Más de un año,5,No,1,Sí,Internet móvil,Casa,Windows,NA,No,No
No,Masculino,52,Cochabamba,Sacaba,25,Más de un año,21,Sí,1,Sí,Internet fijo,Casa,Windows,2,No,No
Sí,Femenino,33,Santa Cruz,Santa Cruz de la Sierra,11,Más de un año,8,No,1,Sí,Internet fijo,Casa,Windows,2,Sí,Sí
Sí,Masculino,27,Tarija,Tarija,3,Más de un año,3,Sí,1,Sí,Internet móvil,Casa,Windows,3,Sí,Sí
Sí,Masculino,36,La Paz,El Alto,6,Más de un año,3,Sí,2,Sí,Internet fijo,Casa,Windows,4,Sí,Sí
Sí,Masculino,57,Santa Cruz,Santa Cruz de la Sierra,32,Más de un año,3,Sí,1,Sí,Internet fijo,Colegio,Windows,NA,No,No
Sí,Femenino,32,Chuquisaca,Sucre,11,Menos de un año,NA,Sí,1,Sí,Internet móvil,Casa,Windows,3,Sí,Sí
Sí,Femenino,35,La Paz,El Alto,12,Más de un año,8,Sí,1,Sí,Internet móvil,Café Internet,Windows,3,Sí,No
No,Masculino,56,La Paz,La Paz,34,Más de un año,5,No,1,Sí,Internet fijo,Casa,Windows,NA,No,No
Sí,Femenino,46,Beni,Trinidad,10,Más de un año,5,Sí,1,N/A,Internet fijo,Casa,Windows,4,Sí,Sí
Sí,Femenino,34,Chuquisaca,Sucre,6,Más de un año,6,Sí,2,Sí,Internet móvil,Casa,Windows,3,Sí,Sí
Sí,Masculino,37,La Paz,El Alto,6,Más de un año,5,No,1,Sí,Internet fijo,Casa,Windows,5,Sí,Sí
Sí,Femenino,34,Chuquisaca,Sucre,12,Más de un año,8,No,2,Sí,Internet móvil,Casa,Windows,1,Sí,No
Sí,Femenino,65,La Paz,El Alto,34,Más de un año,13,Sí,5,Sí,Internet móvil,Casa,Windows,NA,Sí,Sí
Sí,Masculino,63,La Paz,El Alto,22,Más de un año,6,Sí,2,Sí,Internet fijo,Casa,Windows,NA,No,No
Sí,Femenino,44,La Paz,El Alto,17,Más de un año,14,Sí,1,Sí,Internet fijo,Casa,Windows,3,Sí,Sí
Sí,Femenino,36,Santa Cruz,Santa Cruz de la Sierra,8,Más de un año,8,Sí,1,Sí,Internet móvil,Casa,Windows,2,Sí,No
Sí,Masculino,42,La Paz,El Alto,27,Más de un año,25,Sí,1,Sí,Internet móvil,Casa,Otro,4,No,Sí
Sí,Femenino,39,La Paz,El Alto,3,Más de un año,3,Sí,1,Sí,Internet móvil,Casa,Windows,2,No,No
Sí,Femenino,38,La Paz,El Alto,19,Más de un año,10,Sí,1,No,,,Windows,2,Sí,No
Sí,Masculino,60,La Paz,El Alto,33,Más de un año,25,Sí,1,Sí,Internet fijo,Casa,Windows,3,No,No
Sí,Masculino,63,La Paz,El Alto,35,Más de un año,22,Sí,1,Sí,,,Windows,3,No,Sí
Sí,Femenino,35,La Paz,La Paz,12,Más de un año,9,Sí,1,N/A,Internet fijo,Casa,Windows,NA,Sí,No
Sí,Masculino,42,La Paz,El Alto,14,Menos de un año,NA,No,1,Sí,Internet móvil,Café Internet,Windows,3,Sí,No
Sí,Masculino,39,La Paz,El Alto,8,Más de un año,8,Sí,1,Sí,Internet móvil,Otro,Windows,5,No,No
Sí,Femenino,37,La Paz,El Alto,17,Más de un año,4,Sí,1,No,Internet móvil,Otro,Windows,3,No,No
Sí,Masculino,33,La Paz,El Alto,11,Menos de un año,NA,Sí,2,Sí,Internet móvil,Casa,Windows,NA,No,No
Sí,Femenino,48,La Paz,El Alto,22,Más de un año,3,Sí,1,Sí,Internet fijo,Casa,Linux,4,No,No
Sí,Femenino,63,La Paz,La Paz,39,Más de un año,21,Sí,1,Sí,Internet fijo,Casa,Windows,2,Sí,Sí
Sí,Masculino,59,Tarija,Tarija,30,Más de un año,4,Sí,1,No,Internet móvil,Casa,Windows,NA,No,No
Sí,Femenino,33,Cochabamba,Sacaba,4,Más de un año,2,Sí,1,Sí,Internet fijo,Casa,Windows,2,No,No
Sí,Femenino,33,La Paz,El Alto,8,Menos de un año,NA,Sí,1,Sí,Internet móvil,Otro,Windows,1,No,No
Sí,Masculino,47,La Paz,El Alto,25,Más de un año,16,Sí,2,Sí,Internet fijo,Casa,Windows,4,Sí,Sí
Sí,Femenino,63,Chuquisaca,Sucre,33,Más de un año,23,Sí,1,Sí,Internet fijo,Casa,Windows,NA,No,No
Sí,Femenino,46,La Paz,El Alto,20,Más de un año,6,Sí,1,Sí,Internet fijo,Casa,Windows,1,Sí,No
Sí,Femenino,34,La Paz,La Paz,13,Más de un año,13,Sí,1,Sí,Internet móvil,Café Internet,Windows,3,Sí,Sí
Sí,Femenino,30,Santa Cruz,Santa Cruz de la Sierra,8,Menos de un año,NA,Sí,2,No,Internet fijo,Casa,Windows,NA,No,No
Sí,Femenino,38,Chuquisaca,Sucre,11,Menos de un año,NA,Sí,1,Sí,Internet móvil,Colegio,Windows,3,Sí,Sí
Sí,Femenino,39,La Paz,La Paz,16,Más de un año,13,No,1,Sí,Internet fijo,Casa,Windows,NA,Sí,Sí
Sí,Masculino,36,Chuquisaca,Sucre,9,Menos de un año,NA,Sí,2,Sí,Internet fijo,Casa,Windows,5,Sí,Sí
Sí,Masculino,33,Chuquisaca,Sucre,10,Más de un año,3,Sí,4,Sí,Internet fijo,Casa,Windows,5,Sí,Sí
Sí,Masculino,30,Chuquisaca,Sucre,7,Más de un año,3,No,1,Sí,,,Windows,4,Sí,Sí
Sí,Femenino,44,Beni,Trinidad,23,Más de un año,21,Sí,1,No,Internet fijo,Casa,Windows,1,No,No
Sí,Masculino,50,La Paz,El Alto,23,Más de un año,3,No,1,Sí,Internet móvil,Colegio,Windows,4,Sí,Sí
Sí,Femenino,35,La Paz,La Paz,8,Más de un año,2,Sí,2,Sí,Internet fijo,Casa,Windows,1,Sí,Sí
Sí,Femenino,47,La Paz,La Paz,18,Más de un año,7,Sí,2,Sí,Internet móvil,Otro,Windows,NA,Sí,No
Sí,Femenino,45,La Paz,El Alto,19,Más de un año,15,Sí,1,Sí,,,Windows,3,No,No
Sí,Femenino,39,La Paz,La Paz,14,Más de un año,4,Sí,1,Sí,Internet móvil,Casa,Windows,3,No,No
Sí,Femenino,38,Chuquisaca,Sucre,11,Menos de un año,NA,Sí,1,Sí,Internet móvil,Casa,Windows,3,Sí,Sí
Sí,Femenino,33,La Paz,La Paz,3,Más de un año,2,Sí,1,Sí,Internet móvil,Colegio,Windows,4,No,No
Sí,Masculino,45,La Paz,El Alto,25,Más de un año,20,No,1,Sí,Internet móvil,Casa,Windows,2,Sí,No
Sí,Masculino,60,La Paz,La Paz,38,Más de un año,33,Sí,5,Sí,Internet fijo,Casa,Windows,NA,No,No
Sí,Masculino,31,La Paz,El Alto,8,Más de un año,4,No,2,Sí,Internet móvil,Colegio,Windows,3,Sí,Sí
Sí,Masculino,41,Tarija,Tarija,19,Más de un año,3,Sí,1,No,Internet fijo,Casa,Windows,3,Sí,Sí
Sí,Femenino,36,La Paz,El Alto,13,Más de un año,11,Sí,2,Sí,Internet fijo,Casa,Windows,5,Sí,Sí
Sí,Masculino,56,La Paz,La Paz,30,Más de un año,25,No,1,Sí,Internet fijo,Casa,Windows,NA,No,No
Sí,Femenino,45,La Paz,El Alto,19,Más de un año,9,Sí,2,Sí,Internet móvil,Casa,Windows,NA,No,Sí
Sí,Femenino,59,Chuquisaca,Sucre,31,Más de un año,22,Sí,2,Sí,Internet fijo,Colegio,Windows,1,No,No
Sí,Masculino,49,Chuquisaca,Sucre,25,Más de un año,21,No,1,Sí,Internet móvil,Casa,Windows,3,No,No
Sí,Femenino,42,Chuquisaca,Sucre,17,Más de un año,5,Sí,1,Sí,Internet fijo,Casa,Windows,4,Sí,Sí
Sí,Femenino,31,Beni,Trinidad,9,Más de un año,1,Sí,2,Sí,Internet móvil,Casa,Windows,3,Sí,Sí
Sí,Femenino,30,La Paz,El Alto,4,Más de un año,1,No,1,Sí,Internet móvil,Casa,Windows,NA,No,No
Sí,Masculino,34,La Paz,El Alto,8,Más de un año,6,Sí,1,Sí,Internet móvil,Colegio,Windows,3,No,No
Sí,Masculino,38,Chuquisaca,Sucre,13,Más de un año,10,Sí,1,Sí,Internet móvil,Otro,Linux,1,No,No
Sí,Masculino,42,Chuquisaca,Sucre,17,Más de un año,14,Sí,2,No,Internet móvil,Casa,Windows,NA,No,No
Sí,Femenino,40,Tarija,San Lorenzo,5,Más de un año,3,Sí,1,Sí,Internet fijo,Casa,Windows,3,Sí,Sí
Sí,Femenino,50,Tarija,Tarija,21,Más de un año,17,Sí,1,Sí,Internet móvil,Casa,Windows,3,Sí,Sí
Sí,Femenino,51,La Paz,La Paz,26,Más de un año,6,Sí,NA,Sí,Internet móvil,Otro,Windows,NA,No,No
Sí,Masculino,38,Cochabamba,Quillacollo,7,Más de un año,3,No,3,Sí,Internet fijo,Casa,Windows,5,Sí,Sí
Sí,Femenino,35,La Paz,El Alto,11,Más de un año,3,Sí,1,Sí,Internet móvil,Casa,Windows,3,Sí,Sí
Sí,Femenino,42,Beni,Trinidad,18,Menos de un año,NA,Sí,1,Sí,Internet móvil,Colegio,Windows,4,Sí,Sí
Sí,Femenino,44,Beni,Trinidad,13,Más de un año,11,Sí,1,Sí,Internet móvil,Casa,Windows,4,Sí,Sí
Sí,Femenino,41,Beni,Trinidad,10,Más de un año,10,Sí,1,Sí,Internet móvil,Casa,Windows,3,Sí,No
Sí,Femenino,46,Chuquisaca,Sucre,21,Más de un año,17,No,1,No,Internet móvil,Casa,Windows,3,Sí,No
Sí,Femenino,41,Beni,Trinidad,8,Más de un año,4,Sí,2,Sí,Internet fijo,Casa,Windows,4,Sí,Sí
Sí,Masculino,47,Santa Cruz,Santa Cruz de la Sierra,15,Más de un año,2,No,1,Sí,Internet fijo,Casa,Windows,NA,No,No
Sí,Masculino,37,Pando,Cobija,7,Más de un año,2,Sí,2,Sí,Internet móvil,Casa,Windows,5,Sí,Sí
Sí,Femenino,45,La Paz,La Paz,19,Más de un año,19,Sí,1,Sí,Internet móvil,Casa,Windows,5,Sí,Sí
Sí,Masculino,50,La Paz,El Alto,26,Más de un año,22,Sí,2,Sí,Internet fijo,Casa,Windows,4,Sí,Sí
Sí,Masculino,65,Cochabamba,Cochabamba,22,Más de un año,10,Sí,2,Sí,Internet fijo,Casa,Windows,NA,No,No
No,Femenino,39,Beni,Trinidad,15,Más de un año,8,Sí,3,Sí,Internet fijo,Casa,Windows,2,Sí,Sí
Sí,Masculino,43,La Paz,La Paz,25,Más de un año,19,No,1,Sí,Internet móvil,Casa,Windows,NA,No,Sí
Sí,Femenino,47,La Paz,La Paz,22,Más de un año,22,No,1,Sí,,,Windows,5,Sí,Sí
Sí,Femenino,61,Santa Cruz,Santa Cruz de la Sierra,31,Más de un año,19,Sí,2,Sí,Internet fijo,Casa,Windows,NA,Sí,Sí
Sí,Femenino,55,La Paz,La Paz,25,Más de un año,12,Sí,2,Sí,Internet fijo,Casa,Windows,NA,No,Sí
Sí,Femenino,50,La Paz,La Paz,25,Más de un año,25,No,1,N/A,,,Windows,5,Sí,Sí
Sí,Masculino,42,La Paz,La Paz,18,Más de un año,10,Sí,1,Sí,Internet fijo,Casa,Windows,5,Sí,Sí
Sí,Masculino,30,La Paz,El Alto,8,Más de un año,8,Sí,2,Sí,Internet fijo,Casa,Windows,3,Sí,Sí
Sí,Masculino,46,La Paz,El Alto,20,Más de un año,3,No,NA,No,Internet fijo,Café Internet,Linux,NA,No,No
Sí,Femenino,46,La Paz,La Paz,20,Más de un año,8,No,1,Sí,,,Windows,4,Sí,No
Sí,Femenino,45,La Paz,La Paz,20,Más de un año,20,No,1,Sí,,,Windows,5,Sí,Sí
Sí,Femenino,45,Santa Cruz,Montero,25,Más de un año,14,Sí,2,Sí,Internet fijo,Casa,Windows,3,Sí,Sí
Sí,Femenino,49,La Paz,La Paz,25,Más de un año,15,No,1,Sí,,,Windows,5,Sí,Sí
Sí,Femenino,42,La Paz,La Paz,21,Más de un año,21,No,1,Sí,,,Windows,5,Sí,Sí
No,Masculino,33,La Paz,La Paz,4,Más de un año,2,No,4,Sí,Internet fijo,Casa,Linux,2,Sí,Sí
Sí,Masculino,31,Tarija,Tarija,3,Menos de un año,NA,No,4,Sí,Internet fijo,Casa,Linux,4,Sí,Sí
Sí,Masculino,38,Cochabamba,Quillacollo,19,Más de un año,10,Sí,2,Sí,Internet fijo,Casa,Windows,2,Sí,Sí
Sí,Femenino,32,La Paz,El Alto,5,Más de un año,5,No,1,Sí,Internet móvil,Casa,Windows,NA,Sí,Sí
Sí,Femenino,31,La Paz,El Alto,5,Menos de un año,NA,No,1,No,Internet móvil,Café Internet,Windows,NA,No,No
Sí,Femenino,44,Cochabamba,Quillacollo,19,Más de un año,6,Sí,1,Sí,Internet fijo,Casa,Windows,4,No,No
Sí,Femenino,43,Cochabamba,Quillacollo,13,Más de un año,4,Sí,2,Sí,Internet fijo,Casa,Windows,2,No,No
Sí,Masculino,39,La Paz,La Paz,17,Más de un año,2,Sí,1,Sí,Internet fijo,Casa,Windows,2,Sí,Sí
Sí,Femenino,35,La Paz,El Alto,5,Menos de un año,NA,No,1,Sí,Internet móvil,Otro,Windows,3,Sí,Sí
Sí,Femenino,41,La Paz,El Alto,18,Más de un año,10,No,3,Sí,Internet móvil,Casa,Windows,NA,No,Sí
Sí,Masculino,45,Oruro,Oruro,19,Más de un año,4,Sí,2,Sí,Internet móvil,Colegio,Windows,3,Sí,Sí
Sí,Masculino,42,Chuquisaca,Sucre,17,Más de un año,8,Sí,3,Sí,,,Windows,NA,No,No
Sí,Femenino,52,La Paz,La Paz,30,Más de un año,22,Sí,1,Sí,Internet móvil,Casa,Windows,3,Sí,No
Sí,Femenino,44,Tarija,Tarija,6,Más de un año,6,Sí,2,Sí,Internet fijo,Casa,Windows,1,Sí,No
Sí,Femenino,56,Tarija,Tarija,29,Más de un año,18,Sí,2,Sí,Internet fijo,Casa,Windows,3,Sí,Sí
Sí,Masculino,61,La Paz,La Paz,37,Más de un año,4,Sí,NA,Sí,,,Windows,NA,No,No
Sí,Femenino,40,Oruro,Oruro,10,Más de un año,3,Sí,1,Sí,Internet fijo,Casa,Windows,NA,No,No
Sí,Masculino,58,Oruro,Oruro,26,Más de un año,8,Sí,1,Sí,Internet móvil,Casa,Windows,2,Sí,No
Sí,Femenino,45,La Paz,El Alto,21,Más de un año,10,Sí,2,Sí,Internet fijo,Casa,Windows,3,No,No
Sí,Femenino,30,Santa Cruz,Santa Cruz de la Sierra,8,Más de un año,3,Sí,3,No,,,Windows,NA,No,No
Sí,Femenino,31,Santa Cruz,Santa Cruz de la Sierra,8,Menos de un año,NA,No,1,Sí,Internet móvil,Casa,Windows,3,Sí,Sí
Sí,Femenino,29,Santa Cruz,Santa Cruz de la Sierra,5,Más de un año,5,Sí,1,No,,,Windows,NA,Sí,Sí
Sí,Femenino,60,La Paz,La Paz,34,Más de un año,30,Sí,1,No,Internet fijo,Casa,Windows,2,Sí,No
Sí,Femenino,34,Chuquisaca,Sucre,6,Más de un año,1,Sí,1,Sí,Internet móvil,Casa,Windows,3,Sí,Sí
Sí,Masculino,55,Oruro,Oruro,17,Menos de un año,NA,Sí,NA,Sí,Internet móvil,Café Internet,Windows,NA,No,No
Sí,Masculino,49,Oruro,Oruro,20,Más de un año,12,No,2,Sí,Internet móvil,Otro,Windows,1,No,No
Sí,Femenino,56,La Paz,El Alto,33,Más de un año,2,Sí,1,Sí,Internet móvil,Casa,Windows,4,Sí,Sí
Sí,Femenino,48,La Paz,La Paz,25,Más de un año,8,No,1,No,Internet móvil,Casa,Windows,4,Sí,Sí
Sí,Femenino,56,Tarija,Tarija,33,Más de un año,17,Sí,2,Sí,Internet fijo,Casa,Windows,3,Sí,Sí
Sí,Masculino,32,Oruro,Oruro,9,Menos de un año,NA,Sí,1,Sí,Internet móvil,Café Internet,Windows,NA,No,No
Sí,Femenino,45,La Paz,La Paz,7,Más de un año,3,Sí,2,Sí,Internet móvil,Casa,Windows,3,Sí,Sí
Sí,Femenino,58,Oruro,Oruro,22,Más de un año,18,Sí,1,Sí,,,Windows,1,Sí,No
Sí,Femenino,45,La Paz,El Alto,20,Más de un año,12,Sí,1,Sí,Internet fijo,Casa,Windows,3,Sí,Sí
Sí,Femenino,57,La Paz,El Alto,32,Más de un año,9,Sí,2,Sí,Internet móvil,Casa,Windows,4,Sí,Sí
Sí,Femenino,38,Chuquisaca,Sucre,10,Más de un año,7,Sí,2,Sí,Internet móvil,Casa,Windows,4,Sí,Sí
Sí,Femenino,29,Santa Cruz,Santa Cruz de la Sierra,4,Menos de un año,NA,No,1,Sí,Internet móvil,Casa,Windows,NA,No,No
Sí,Femenino,40,Oruro,Oruro,18,Menos de un año,NA,No,NA,Sí,,,Windows,NA,No,No
Sí,Femenino,46,Pando,Cobija,23,Más de un año,15,No,1,Sí,Internet móvil,Casa,Windows,3,No,No
Sí,Femenino,33,La Paz,El Alto,7,Más de un año,2,Sí,1,Sí,Internet móvil,Casa,Windows,4,Sí,Sí
Sí,Masculino,59,La Paz,La Paz,30,Más de un año,27,Sí,4,Sí,Internet fijo,Casa,Windows,3,Sí,No
Sí,Femenino,45,Oruro,Oruro,25,Menos de un año,NA,No,1,No,,,Windows,1,No,No
Sí,Femenino,56,La Paz,La Paz,27,Más de un año,12,Sí,1,Sí,Internet fijo,Casa,Windows,2,Sí,No
Sí,Masculino,58,La Paz,La Paz,33,Más de un año,6,Sí,1,Sí,Internet fijo,Casa,Windows,1,Sí,No
Sí,Femenino,56,La Paz,El Alto,27,Más de un año,21,No,1,Sí,Internet fijo,Casa,Windows,NA,No,No
Sí,Femenino,38,La Paz,La Paz,12,Más de un año,5,Sí,1,Sí,Internet fijo,Casa,Windows,2,Sí,No
Sí,Femenino,43,La Paz,La Paz,17,Más de un año,6,Sí,1,Sí,Internet fijo,Casa,Windows,2,Sí,No
Sí,Femenino,50,La Paz,La Paz,23,Menos de un año,NA,Sí,1,Sí,Internet fijo,Casa,Windows,1,Sí,Sí
Sí,Femenino,44,La Paz,La Paz,22,Más de un año,19,Sí,1,Sí,Internet fijo,Casa,Windows,3,Sí,No
Sí,Femenino,38,Chuquisaca,Sucre,14,Más de un año,4,Sí,1,No,Internet móvil,Casa,Windows,1,No,No
Sí,Masculino,59,La Paz,La Paz,13,Más de un año,3,No,1,Sí,Internet fijo,Casa,Windows,2,Sí,Sí
Sí,Femenino,48,Santa Cruz,Santa Cruz de la Sierra,18,Más de un año,6,Sí,2,Sí,Internet móvil,Casa,Windows,NA,No,No
Sí,Femenino,34,Santa Cruz,Santa Cruz de la Sierra,10,Más de un año,5,No,NA,Sí,Internet fijo,Casa,Windows,NA,Sí,Sí
Sí,Masculino,36,Santa Cruz,Santa Cruz de la Sierra,9,Más de un año,7,Sí,2,Sí,Internet fijo,Casa,Windows,3,No,No
Sí,Masculino,46,La Paz,La Paz,18,Más de un año,4,No,1,Sí,Internet móvil,Casa,Windows,3,Sí,No
Sí,Femenino,32,Santa Cruz,Santa Cruz de la Sierra,10,Menos de un año,NA,No,1,Sí,Internet móvil,Casa,Windows,NA,No,No
Sí,Femenino,54,Santa Cruz,Santa Cruz de la Sierra,6,Menos de un año,NA,Sí,2,Sí,Internet fijo,Casa,Windows,3,Sí,Sí
Sí,Masculino,60,Santa Cruz,Santa Cruz de la Sierra,27,Menos de un año,NA,Sí,1,No,Internet fijo,Casa,Windows,NA,No,No
No,Masculino,32,Santa Cruz,Santa Cruz de la Sierra,8,Más de un año,3,No,2,Sí,,,Windows,NA,No,No
Sí,Femenino,46,Santa Cruz,Santa Cruz de la Sierra,21,Más de un año,13,Sí,1,Sí,Internet móvil,Casa,Windows,NA,Sí,Sí
Sí,Femenino,23,Santa Cruz,Santa Cruz de la Sierra,2,Más de un año,2,No,1,No,Internet móvil,Casa,Windows,NA,No,Sí
Sí,Masculino,43,Santa Cruz,Santa Cruz de la Sierra,16,Menos de un año,NA,Sí,1,Sí,,,Windows,4,Sí,Sí
Sí,Femenino,31,Santa Cruz,Santa Cruz de la Sierra,10,Más de un año,7,Sí,2,Sí,Internet fijo,Casa,Windows,NA,No,No
Sí,Masculino,43,Santa Cruz,Santa Cruz de la Sierra,16,Más de un año,3,No,2,Sí,Internet móvil,Casa,Windows,NA,No,No
Sí,Masculino,39,La Paz,El Alto,16,Más de un año,5,No,1,Sí,Internet fijo,Casa,Windows,NA,Sí,Sí
Sí,Femenino,38,Santa Cruz,Santa Cruz de la Sierra,8,Más de un año,8,Sí,2,Sí,Internet móvil,Casa,Windows,2,Sí,Sí
Sí,Femenino,51,La Paz,La Paz,26,Más de un año,6,No,NA,Sí,Internet móvil,Casa,Windows,NA,No,No
Sí,Femenino,33,Santa Cruz,Santa Cruz de la Sierra,12,Más de un año,7,Sí,1,Sí,Internet móvil,Casa,Windows,NA,No,No
Sí,Masculino,33,Santa Cruz,Santa Cruz de la Sierra,9,Menos de un año,NA,Sí,1,Sí,Internet móvil,Casa,Windows,2,Sí,Sí
Sí,Masculino,49,Potosí,Potosí,26,Más de un año,25,Sí,1,No,Internet fijo,Casa,Windows,4,Sí,Sí
Sí,Femenino,60,La Paz,La Paz,40,Más de un año,6,No,2,Sí,Internet fijo,Casa,Windows,NA,No,No
Sí,Masculino,44,La Paz,La Paz,21,Más de un año,3,Sí,1,Sí,Internet fijo,Casa,Windows,3,Sí,Sí
Sí,Femenino,50,La Paz,El Alto,20,Menos de un año,NA,Sí,1,Sí,Internet fijo,Casa,Windows,NA,Sí,Sí
Sí,Masculino,44,La Paz,El Alto,10,Más de un año,2,Sí,1,Sí,Internet fijo,Casa,Windows,3,Sí,No
Sí,Femenino,47,Santa Cruz,Santa Cruz de la Sierra,5,Más de un año,5,Sí,2,Sí,Internet fijo,Casa,Windows,3,Sí,Sí
Sí,Femenino,61,Beni,Trinidad,14,Más de un año,13,No,1,Sí,Internet fijo,Casa,Windows,3,Sí,Sí
Sí,Femenino,51,La Paz,La Paz,26,Más de un año,13,Sí,2,No,Internet móvil,Casa,Windows,NA,No,No
Sí,Masculino,38,Tarija,Tarija,14,Más de un año,11,Sí,1,Sí,Internet fijo,Casa,Windows,3,Sí,Sí
Sí,Femenino,39,Tarija,Tarija,16,Más de un año,4,Sí,2,Sí,Internet fijo,Casa,Windows,NA,No,No
Sí,Femenino,44,Tarija,Tarija,13,Más de un año,12,Sí,3,Sí,Internet fijo,Casa,Windows,2,Sí,Sí
Sí,Femenino,40,La Paz,El Alto,15,Más de un año,10,Sí,1,Sí,Internet fijo,Casa,Windows,4,Sí,Sí
Sí,Masculino,50,La Paz,El Alto,15,Más de un año,8,Sí,1,Sí,Internet móvil,Colegio,Linux,5,Sí,Sí
Sí,Masculino,49,Santa Cruz,Santa Cruz de la Sierra,13,Más de un año,13,Sí,2,Sí,Internet fijo,Casa,Windows,4,Sí,Sí
Sí,Masculino,34,Tarija,Tarija,9,Más de un año,9,Sí,1,Sí,Internet fijo,Casa,Windows,3,Sí,Sí
Sí,Masculino,45,Oruro,Oruro,10,Más de un año,6,Sí,1,Sí,,,Windows,1,Sí,Sí
Sí,Masculino,45,La Paz,El Alto,20,Más de un año,6,Sí,2,Sí,Internet fijo,Casa,Windows,4,Sí,Sí
Sí,Masculino,29,La Paz,El Alto,7,Más de un año,2,No,2,Sí,Internet fijo,Casa,Windows,2,Sí,Sí
Sí,Femenino,47,La Paz,La Paz,27,Más de un año,24,Sí,1,Sí,Internet móvil,Casa,Windows,3,No,Sí
Sí,Femenino,56,Tarija,Tarija,25,Más de un año,4,Sí,1,Sí,Internet fijo,Casa,Windows,2,Sí,No
Sí,Femenino,31,Tarija,Tarija,6,Más de un año,3,Sí,1,Sí,Internet fijo,Casa,Windows,NA,No,Sí
Sí,Femenino,53,La Paz,La Paz,30,Más de un año,28,Sí,1,No,,,Windows,2,Sí,Sí
Sí,Femenino,50,La Paz,El Alto,25,Más de un año,15,No,1,Sí,Internet fijo,Casa,Windows,NA,Sí,Sí
Sí,Masculino,30,La Paz,El Alto,4,Menos de un año,NA,No,1,Sí,,,Windows,4,Sí,Sí
Sí,Masculino,36,La Paz,El Alto,15,Más de un año,12,No,1,Sí,Internet fijo,Casa,Windows,3,Sí,Sí
Sí,Masculino,48,La Paz,La Paz,24,Más de un año,7,Sí,1,Sí,Internet fijo,Casa,Windows,NA,No,No
Sí,Masculino,57,La Paz,El Alto,25,Más de un año,19,Sí,2,Sí,,,Windows,3,No,No
Sí,Femenino,52,Santa Cruz,Santa Cruz de la Sierra,22,Más de un año,18,Sí,1,Sí,Internet fijo,Casa,Windows,NA,No,No
Sí,Femenino,37,La Paz,El Alto,13,Más de un año,9,No,1,Sí,Internet fijo,Colegio,Windows,4,No,No
Sí,Femenino,48,La Paz,La Paz,20,Más de un año,11,No,1,Sí,,,Windows,2,Sí,No
Sí,Masculino,36,La Paz,El Alto,14,Más de un año,4,Sí,6,Sí,Internet fijo,Casa,Windows,3,Sí,Sí
Sí,Femenino,50,Chuquisaca,Sucre,17,Más de un año,5,Sí,2,Sí,Internet fijo,Casa,Windows,4,Sí,No
Sí,Masculino,37,La Paz,La Paz,7,Más de un año,1,Sí,2,Sí,Internet fijo,Casa,Windows,4,Sí,Sí
Sí,Femenino,30,La Paz,La Paz,7,Más de un año,4,No,NA,No,Internet móvil,Casa,Windows,3,Sí,No
Sí,Femenino,44,La Paz,La Paz,29,Más de un año,9,Sí,2,Sí,Internet móvil,Café Internet,Windows,1,Sí,No
Sí,Femenino,30,Tarija,Tarija,8,Más de un año,1,No,1,Sí,Internet fijo,Casa,Windows,3,Sí,No
Sí,Masculino,54,Pando,Cobija,20,Más de un año,10,Sí,1,Sí,Internet móvil,Otro,Windows,NA,Sí,Sí
Sí,Masculino,31,La Paz,El Alto,8,Más de un año,4,Sí,1,Sí,Internet fijo,Casa,Windows,4,Sí,Sí
Sí,Masculino,62,Santa Cruz,Santa Cruz de la Sierra,35,Más de un año,17,Sí,1,Sí,Internet fijo,Casa,Windows,NA,No,No
Sí,Femenino,38,Tarija,Tarija,12,Más de un año,6,Sí,2,Sí,Internet móvil,Café Internet,Windows,3,Sí,Sí
Sí,Femenino,54,Oruro,Oruro,34,Más de un año,2,Sí,1,Sí,,,Windows,2,Sí,Sí
Sí,Femenino,51,La Paz,La Paz,15,Más de un año,4,Sí,2,Sí,Internet móvil,Casa,Windows,3,No,Sí
Sí,Femenino,46,Tarija,Tarija,24,Más de un año,5,Sí,2,Sí,Internet fijo,Casa,Windows,5,Sí,Sí
Sí,Femenino,43,Santa Cruz,Santa Cruz de la Sierra,16,Más de un año,16,No,1,Sí,Internet fijo,Casa,Windows,NA,No,No
Sí,Femenino,62,Oruro,Oruro,35,Más de un año,28,No,1,Sí,Internet fijo,Casa,Windows,NA,No,No
Sí,Femenino,60,Tarija,Tarija,35,Más de un año,34,Sí,1,Sí,Internet móvil,Café Internet,Otro,3,Sí,Sí
Sí,Masculino,38,La Paz,El Alto,7,Más de un año,3,Sí,1,Sí,,,Windows,1,Sí,No
Sí,Femenino,60,La Paz,La Paz,35,Más de un año,16,No,1,Sí,Internet fijo,Casa,Windows,3,Sí,No
Sí,Masculino,34,La Paz,El Alto,12,Más de un año,4,Sí,2,Sí,Internet fijo,Casa,Windows,2,Sí,No
Sí,Masculino,57,La Paz,La Paz,32,Más de un año,5,Sí,1,Sí,Internet fijo,Casa,Windows,NA,No,No
Sí,Femenino,41,Tarija,San Lorenzo,16,Más de un año,11,Sí,1,Sí,Internet fijo,Casa,Windows,3,Sí,Sí
Sí,Femenino,30,Tarija,Tarija,6,Más de un año,7,Sí,4,Sí,Internet móvil,Colegio,Windows,3,Sí,Sí
Sí,Femenino,46,Tarija,Tarija,21,Menos de un año,NA,Sí,3,Sí,Internet fijo,Casa,Otro,3,Sí,Sí
Sí,Masculino,32,Santa Cruz,Santa Cruz de la Sierra,5,Más de un año,5,Sí,2,Sí,Internet fijo,Casa,Windows,2,No,No
Sí,Femenino,45,La Paz,El Alto,10,Más de un año,5,Sí,1,Sí,Internet móvil,Otro,Windows,1,No,No
Sí,Femenino,39,La Paz,La Paz,14,Más de un año,4,Sí,2,Sí,Internet móvil,Casa,Windows,2,No,No
Sí,Femenino,65,La Paz,La Paz,38,Más de un año,10,Sí,1,Sí,Internet fijo,Casa,Windows,3,Sí,Sí
Sí,Masculino,37,La Paz,El Alto,7,Menos de un año,NA,Sí,1,Sí,Internet móvil,Casa,Windows,4,Sí,Sí
Sí,Femenino,55,La Paz,La Paz,32,Más de un año,7,Sí,2,Sí,Internet fijo,Casa,Windows,NA,No,No
Sí,Femenino,44,Chuquisaca,Sucre,22,Más de un año,19,Sí,1,Sí,Internet fijo,Casa,Windows,4,No,No
Sí,Femenino,58,La Paz,El Alto,35,Más de un año,10,Sí,2,Sí,Internet móvil,Casa,Windows,3,No,Sí
Sí,Femenino,43,Oruro,Oruro,23,Más de un año,6,Sí,2,Sí,Internet móvil,Casa,Windows,NA,No,No
Sí,Masculino,56,La Paz,La Paz,33,Más de un año,30,Sí,1,Sí,Internet fijo,Colegio,Windows,NA,Sí,No
Sí,Femenino,55,Tarija,San Lorenzo,28,Más de un año,20,Sí,1,Sí,Internet fijo,Casa,Windows,3,Sí,Sí
Sí,Masculino,41,La Paz,El Alto,15,Más de un año,11,No,1,Sí,Internet fijo,Casa,Windows,2,No,No
Sí,Femenino,49,Chuquisaca,Sucre,23,Más de un año,13,Sí,1,Sí,Internet móvil,Casa,Windows,2,No,Sí
Sí,Masculino,60,La Paz,La Paz,29,Más de un año,4,Sí,1,Sí,Internet móvil,Café Internet,Windows,2,Sí,Sí
Sí,Femenino,48,La Paz,El Alto,22,Más de un año,20,Sí,1,Sí,Internet móvil,Casa,Windows,NA,No,Sí
Sí,Femenino,38,La Paz,El Alto,12,Menos de un año,NA,No,NA,Sí,Internet móvil,Casa,Windows,3,Sí,No
Sí,Femenino,42,La Paz,La Paz,15,Más de un año,9,Sí,1,Sí,Internet móvil,Casa,Windows,5,Sí,Sí
No,Femenino,30,Tarija,Tarija,8,Más de un año,3,Sí,2,Sí,Internet móvil,Casa,Windows,NA,No,No
Sí,Masculino,56,La Paz,El Alto,27,Más de un año,17,Sí,7,Sí,Internet móvil,Casa,Windows,3,Sí,No
Sí,Femenino,36,Tarija,Tarija,13,Más de un año,6,No,1,Sí,Internet fijo,Casa,Windows,NA,No,No
Sí,Femenino,55,Santa Cruz,Santa Cruz de la Sierra,33,Más de un año,12,Sí,1,Sí,Internet fijo,Casa,Windows,3,Sí,No
Sí,Femenino,27,Tarija,San Lorenzo,3,Más de un año,3,Sí,1,Sí,,,Windows,2,Sí,Sí
Sí,Femenino,49,La Paz,La Paz,9,Más de un año,7,Sí,3,Sí,Internet fijo,Casa,Windows,NA,No,No
Sí,Femenino,40,La Paz,La Paz,22,Más de un año,11,Sí,3,Sí,Internet móvil,Casa,Windows,3,Sí,Sí
Sí,Femenino,35,La Paz,El Alto,10,Menos de un año,NA,No,4,Sí,Internet fijo,Casa,Windows,NA,Sí,Sí
Sí,Femenino,40,La Paz,El Alto,14,Más de un año,2,Sí,1,Sí,Internet móvil,Café Internet,Windows,4,Sí,Sí
Sí,Femenino,48,Chuquisaca,Sucre,24,Más de un año,14,Sí,1,No,Internet fijo,Casa,Windows,NA,No,No
Sí,Masculino,38,Tarija,Tarija,17,Más de un año,2,Sí,1,Sí,Internet móvil,Colegio,Windows,3,No,Sí
Sí,Femenino,50,La Paz,La Paz,30,Más de un año,2,Sí,3,Sí,,,Windows,NA,No,No
Sí,Femenino,33,La Paz,El Alto,6,Menos de un año,NA,No,2,Sí,Internet fijo,Casa,Windows,NA,No,No
Sí,Masculino,42,Pando,Cobija,14,Más de un año,5,Sí,2,Sí,Internet móvil,Casa,Windows,3,Sí,Sí
Sí,Femenino,59,La Paz,El Alto,32,Más de un año,8,Sí,2,Sí,Internet fijo,Casa,Windows,NA,No,No
Sí,Femenino,51,La Paz,El Alto,18,Más de un año,15,Sí,1,No,Internet fijo,Casa,Windows,NA,Sí,No
Sí,Femenino,55,La Paz,La Paz,30,Más de un año,20,No,2,No,Internet fijo,Casa,Windows,NA,No,Sí
Sí,Femenino,40,Tarija,Tarija,19,Más de un año,4,Sí,1,Sí,Internet móvil,Otro,Windows,NA,No,No
Sí,Masculino,40,La Paz,La Paz,13,Más de un año,13,No,1,Sí,Internet fijo,Casa,Windows,3,Sí,Sí
Sí,Femenino,55,Tarija,Tarija,32,Más de un año,18,Sí,1,Sí,Internet fijo,Casa,Windows,NA,No,No
Sí,Femenino,45,La Paz,El Alto,24,Más de un año,19,Sí,1,Sí,Internet fijo,Colegio,Windows,4,No,No
Sí,Femenino,36,La Paz,La Paz,4,Menos de un año,NA,No,1,No,Internet fijo,Café Internet,Windows,NA,No,No
Sí,Masculino,37,La Paz,La Paz,12,Más de un año,12,Sí,1,Sí,,,Windows,3,Sí,Sí
Sí,Femenino,55,Cochabamba,Sacaba,32,Más de un año,28,Sí,2,Sí,Internet móvil,Casa,Windows,4,Sí,No
Sí,Masculino,39,Santa Cruz,Santa Cruz de la Sierra,10,Más de un año,5,Sí,2,Sí,Internet móvil,Casa,Windows,3,Sí,Sí
Sí,Masculino,55,La Paz,La Paz,25,Más de un año,4,Sí,1,Sí,Internet fijo,Casa,Windows,4,Sí,Sí
Sí,Femenino,55,La Paz,El Alto,30,Más de un año,4,Sí,2,Sí,Internet fijo,Casa,Windows,3,No,No
Sí,Masculino,34,La Paz,La Paz,4,Menos de un año,NA,No,1,Sí,Internet móvil,Casa,Windows,NA,Sí,No
Sí,Femenino,55,La Paz,La Paz,31,Más de un año,10,Sí,1,Sí,Internet fijo,Casa,Windows,NA,Sí,Sí
Sí,Masculino,68,La Paz,El Alto,35,Más de un año,18,Sí,1,Sí,Internet fijo,Casa,Linux,4,Sí,Sí
Sí,Femenino,46,La Paz,La Paz,15,Más de un año,10,No,1,Sí,Internet móvil,Casa,Windows,NA,No,No
Sí,Femenino,43,La Paz,La Paz,10,Más de un año,3,No,1,Sí,Internet fijo,Casa,Windows,3,No,No
Sí,Femenino,45,La Paz,La Paz,20,Más de un año,5,Sí,2,Sí,Internet fijo,Casa,Windows,2,Sí,No
Sí,Femenino,36,La Paz,El Alto,13,Más de un año,5,Sí,1,Sí,Internet móvil,Café Internet,Windows,3,Sí,No
Sí,Masculino,57,La Paz,El Alto,30,Más de un año,15,No,1,Sí,Internet fijo,Casa,Windows,NA,No,No
Sí,Femenino,33,La Paz,El Alto,15,Más de un año,4,No,2,Sí,Internet fijo,Casa,Windows,5,Sí,Sí
Sí,Femenino,60,Tarija,Tarija,35,Más de un año,34,Sí,1,Sí,Internet móvil,Café Internet,Windows,NA,No,No
Sí,Femenino,46,Tarija,Tarija,21,Más de un año,5,No,3,Sí,Internet fijo,Casa,Windows,2,Sí,No
Sí,Femenino,35,Tarija,Tarija,10,Menos de un año,NA,Sí,2,Sí,Internet móvil,Casa,Windows,3,Sí,Sí
Sí,Masculino,33,Santa Cruz,Santa Cruz de la Sierra,7,Más de un año,3,Sí,2,Sí,Internet fijo,Casa,Windows,2,No,No
Sí,Femenino,30,Tarija,Tarija,6,Más de un año,1,Sí,2,Sí,Internet fijo,Casa,Windows,NA,No,Sí
Sí,Femenino,32,Tarija,Tarija,7,Más de un año,7,Sí,1,Sí,Internet móvil,Casa,Windows,NA,No,No
Sí,Masculino,47,La Paz,La Paz,18,Más de un año,5,Sí,2,Sí,Internet fijo,Casa,Windows,3,No,No
Sí,Masculino,65,La Paz,El Alto,38,Más de un año,11,Sí,2,Sí,Internet fijo,Casa,Windows,3,Sí,No
Sí,Femenino,30,Tarija,Tarija,1,Menos de un año,NA,No,2,Sí,Internet fijo,Casa,Windows,NA,Sí,Sí
Sí,Masculino,50,La Paz,La Paz,28,Más de un año,10,Sí,1,Sí,Internet móvil,Casa,Windows,1,No,No
Sí,Femenino,32,Tarija,Tarija,4,Más de un año,2,Sí,1,Sí,Internet fijo,Casa,Windows,NA,Sí,No
Sí,Femenino,44,La Paz,La Paz,20,Más de un año,17,Sí,2,Sí,Internet fijo,Casa,Windows,2,Sí,No
Sí,Femenino,32,Cochabamba,Sacaba,9,Menos de un año,NA,Sí,1,Sí,Internet fijo,Casa,Windows,NA,No,Sí
Sí,Femenino,44,La Paz,El Alto,10,Más de un año,8,Sí,1,Sí,Internet fijo,Casa,Windows,4,Sí,Sí
Sí,Femenino,54,Santa Cruz,Santa Cruz de la Sierra,24,Más de un año,10,Sí,1,Sí,Internet fijo,Casa,Windows,3,No,No
Sí,Masculino,56,Potosí,Potosí,34,Más de un año,8,Sí,1,Sí,Internet fijo,Colegio,Windows,3,No,No
Sí,Masculino,43,Santa Cruz,Santa Cruz de la Sierra,19,Más de un año,9,No,1,Sí,Internet fijo,Colegio,Windows,NA,No,No
Sí,Masculino,48,La Paz,La Paz,15,Más de un año,5,Sí,1,Sí,Internet móvil,Casa,Windows,5,Sí,Sí
Sí,Masculino,63,Santa Cruz,Santa Cruz de la Sierra,35,Más de un año,33,No,1,Sí,Internet fijo,Casa,Windows,NA,No,Sí
Sí,Masculino,35,La Paz,El Alto,15,Más de un año,6,Sí,3,Sí,Internet fijo,Casa,Windows,4,Sí,Sí
Sí,Femenino,52,La Paz,La Paz,30,Más de un año,25,Sí,2,Sí,Internet móvil,Colegio,Windows,NA,Sí,No
Sí,Femenino,60,La Paz,La Paz,29,Más de un año,27,Sí,2,Sí,Internet móvil,Casa,Windows,NA,No,Sí
Sí,Masculino,42,La Paz,La Paz,18,Más de un año,12,No,1,Sí,Internet móvil,Casa,Windows,3,Sí,Sí
Sí,Masculino,35,La Paz,La Paz,3,Menos de un año,NA,Sí,2,Sí,Internet fijo,Casa,Windows,4,Sí,Sí
Sí,Femenino,52,Tarija,Tarija,25,Más de un año,2,No,1,Sí,Internet móvil,Casa,Windows,3,Sí,No
Sí,Femenino,30,Santa Cruz,Santa Cruz de la Sierra,7,Más de un año,2,Sí,1,Sí,Internet móvil,Casa,Windows,4,Sí,Sí
Sí,Masculino,47,Oruro,Oruro,4,Menos de un año,NA,No,1,Sí,Internet móvil,Casa,Windows,3,Sí,No
Sí,Femenino,43,Oruro,Oruro,13,Más de un año,5,No,2,Sí,Internet móvil,Casa,Windows,3,Sí,No
Sí,Femenino,34,La Paz,El Alto,7,Más de un año,7,No,1,Sí,,,Windows,NA,No,No
Sí,Femenino,40,La Paz,La Paz,20,Más de un año,3,No,1,No,Internet móvil,Colegio,Windows,1,No,No
Sí,Femenino,53,La Paz,El Alto,20,Más de un año,12,Sí,1,No,Internet fijo,Casa,Windows,3,Sí,No
Sí,Femenino,42,Cochabamba,Sacaba,18,Más de un año,3,Sí,2,Sí,Internet móvil,Casa,Windows,NA,No,No
Sí,Masculino,38,Cochabamba,Sacaba,9,Más de un año,5,Sí,1,Sí,Internet móvil,Casa,Windows,3,No,No
Sí,Masculino,38,Tarija,Tarija,11,Más de un año,32,Sí,1,Sí,Internet móvil,Casa,Windows,3,Sí,Sí
Sí,Masculino,39,Tarija,Tarija,8,Más de un año,8,No,2,Sí,,,Windows,5,Sí,Sí
Sí,Masculino,50,La Paz,El Alto,32,Más de un año,3,Sí,1,Sí,,,Windows,3,Sí,No
Sí,Femenino,38,Tarija,Tarija,11,Más de un año,3,Sí,1,Sí,,,Windows,4,Sí,Sí
Sí,Masculino,59,La Paz,La Paz,35,Más de un año,27,Sí,2,Sí,Internet fijo,Casa,Windows,NA,No,No
Sí,Femenino,51,Tarija,Tarija,28,Más de un año,5,Sí,1,Sí,Internet móvil,Casa,Windows,4,Sí,No
Sí,Masculino,56,Tarija,Tarija,30,Menos de un año,NA,Sí,2,Sí,Internet fijo,Casa,Windows,3,No,No
Sí,Femenino,32,Tarija,Tarija,11,Más de un año,3,Sí,2,Sí,Internet móvil,Café Internet,Windows,4,Sí,Sí
Sí,Femenino,41,Tarija,Tarija,10,Más de un año,4,No,1,Sí,Internet fijo,Casa,Windows,5,Sí,Sí
Sí,Femenino,37,Tarija,Tarija,15,Más de un año,11,Sí,1,Sí,Internet móvil,Casa,Windows,4,Sí,No
Sí,Femenino,57,La Paz,La Paz,35,Más de un año,6,No,1,Sí,Internet móvil,Casa,Windows,2,No,No
No,Masculino,40,Tarija,Tarija,12,Más de un año,7,Sí,1,Sí,Internet móvil,Casa,Windows,4,Sí,Sí
Sí,Masculino,39,La Paz,La Paz,10,Más de un año,6,Sí,2,No,Internet fijo,Casa,Windows,3,Sí,Sí
Sí,Femenino,38,La Paz,El Alto,9,Menos de un año,NA,Sí,2,Sí,Internet móvil,Otro,Windows,4,Sí,Sí
Sí,Femenino,36,Santa Cruz,Montero,2,Más de un año,2,Sí,1,Sí,Internet fijo,Casa,Windows,3,Sí,No
Sí,Femenino,29,Tarija,Tarija,4,Menos de un año,NA,Sí,1,Sí,Internet móvil,Casa,Windows,2,Sí,Sí
Sí,Femenino,32,Tarija,Tarija,7,Más de un año,7,Sí,3,Sí,Internet fijo,Casa,Windows,4,Sí,Sí
Sí,Femenino,43,Tarija,Tarija,14,Más de un año,3,Sí,1,Sí,Internet móvil,Casa,Windows,2,Sí,Sí
Sí,Femenino,52,Tarija,Tarija,24,Más de un año,10,Sí,2,Sí,Internet móvil,Casa,Windows,4,Sí,Sí
Sí,Femenino,50,Oruro,Oruro,15,Más de un año,4,Sí,1,No,Internet fijo,Casa,Windows,2,Sí,No
Sí,Femenino,31,Tarija,Tarija,4,Menos de un año,NA,Sí,1,Sí,Internet móvil,Casa,Windows,3,Sí,No
Sí,Femenino,36,Tarija,Tarija,10,Menos de un año,NA,No,1,Sí,Internet móvil,Casa,Windows,4,Sí,Sí
Sí,Masculino,68,Oruro,Oruro,43,Más de un año,23,No,2,Sí,Internet fijo,Casa,Linux,3,Sí,Sí
Sí,Femenino,30,Tarija,Tarija,8,Más de un año,8,Sí,1,Sí,Internet móvil,Café Internet,Windows,2,Sí,Sí
Sí,Femenino,35,Tarija,Tarija,13,Más de un año,6,Sí,2,Sí,Internet móvil,Casa,Windows,NA,Sí,Sí
Sí,Masculino,45,Tarija,Tarija,16,Más de un año,8,Sí,2,Sí,Internet fijo,Casa,Windows,3,Sí,Sí
Sí,Masculino,52,Tarija,Tarija,32,Más de un año,7,Sí,1,Sí,Internet móvil,Casa,Windows,3,Sí,No
Sí,Femenino,31,Tarija,Tarija,6,Más de un año,6,No,3,Sí,Internet móvil,Casa,Windows,NA,Sí,Sí
Sí,Femenino,35,La Paz,El Alto,12,Más de un año,9,Sí,2,Sí,Internet móvil,Casa,Windows,3,Sí,No
Sí,Femenino,48,Chuquisaca,Sucre,22,Más de un año,14,Sí,2,Sí,Internet fijo,Casa,Windows,2,Sí,No
Sí,Masculino,43,Santa Cruz,Santa Cruz de la Sierra,12,Más de un año,6,No,1,No,Internet móvil,Casa,Windows,NA,No,No
Sí,Femenino,46,Chuquisaca,Sucre,20,Más de un año,13,No,2,Sí,Internet fijo,Casa,Windows,2,No,No
Sí,Femenino,33,La Paz,El Alto,9,Más de un año,3,No,1,Sí,,,Windows,NA,No,No
Sí,Masculino,29,Santa Cruz,Santa Cruz de la Sierra,6,Más de un año,5,Sí,1,Sí,Internet fijo,Casa,Windows,3,Sí,Sí
Sí,Masculino,35,Santa Cruz,Santa Cruz de la Sierra,6,Más de un año,6,No,1,Sí,Internet fijo,Casa,Windows,NA,No,No
Sí,Femenino,39,Chuquisaca,Sucre,17,Más de un año,5,Sí,2,Sí,Internet fijo,Casa,Windows,2,No,Sí
Sí,Femenino,33,Oruro,Oruro,8,Más de un año,2,No,1,Sí,,,Windows,4,No,No
Sí,Masculino,63,Tarija,Tarija,35,Más de un año,15,Sí,1,Sí,Internet fijo,Casa,Windows,NA,No,No
Sí,Femenino,56,Santa Cruz,Santa Cruz de la Sierra,12,Más de un año,8,No,1,No,Internet fijo,Casa,Windows,NA,No,No
Sí,Femenino,64,Tarija,Tarija,36,Más de un año,6,Sí,1,Sí,Internet móvil,Casa,Windows,4,Sí,Sí
Sí,Femenino,47,Oruro,Oruro,22,Más de un año,21,Sí,1,Sí,Internet fijo,Casa,Linux,3,Sí,Sí
Sí,Femenino,37,Tarija,Tarija,11,Más de un año,6,Sí,1,Sí,Internet móvil,Casa,Windows,3,Sí,Sí
Sí,Femenino,47,Oruro,Oruro,22,Más de un año,21,Sí,1,Sí,Internet fijo,Casa,Windows,3,Sí,Sí
Sí,Masculino,43,Potosí,Potosí,17,Más de un año,4,No,1,Sí,Internet fijo,Casa,Windows,3,Sí,Sí
Sí,Femenino,41,Beni,Trinidad,14,Más de un año,12,Sí,1,Sí,Internet móvil,Casa,Windows,5,Sí,Sí
Sí,Femenino,60,Tarija,Tarija,36,Más de un año,14,Sí,1,Sí,Internet fijo,Colegio,Windows,5,Sí,Sí
Sí,Masculino,31,Tarija,Tarija,7,Más de un año,2,No,1,Sí,Internet fijo,Casa,Windows,3,No,Sí
Sí,Femenino,50,Tarija,Tarija,20,Más de un año,6,Sí,1,Sí,Internet móvil,Casa,Windows,2,Sí,Sí
Sí,Femenino,57,Tarija,Tarija,25,Más de un año,18,Sí,1,Sí,Internet móvil,Casa,Windows,4,Sí,Sí
Sí,Masculino,52,Tarija,Tarija,18,Más de un año,10,Sí,2,Sí,Internet fijo,Casa,Windows,2,No,No
Sí,Femenino,57,Santa Cruz,Santa Cruz de la Sierra,30,Más de un año,28,Sí,1,Sí,Internet fijo,Casa,Windows,3,Sí,Sí
Sí,Femenino,33,La Paz,La Paz,10,Más de un año,5,Sí,1,Sí,Internet fijo,Casa,Windows,3,Sí,No
Sí,Femenino,52,Chuquisaca,Sucre,24,Más de un año,21,Sí,1,No,Internet fijo,Casa,Windows,2,Sí,No
Sí,Femenino,38,Tarija,Tarija,12,Más de un año,6,Sí,2,Sí,Internet móvil,Otro,Windows,3,Sí,Sí
Sí,Femenino,43,Santa Cruz,Santa Cruz de la Sierra,18,Más de un año,14,Sí,1,Sí,Internet móvil,Casa,Windows,2,Sí,Sí
Sí,Femenino,41,Santa Cruz,Santa Cruz de la Sierra,19,Más de un año,13,Sí,1,Sí,Internet móvil,Otro,Windows,3,Sí,Sí
Sí,Masculino,37,Tarija,Tarija,12,Más de un año,10,No,1,Sí,Internet móvil,Casa,Windows,4,Sí,Sí
Sí,Masculino,70,Santa Cruz,Santa Cruz de la Sierra,36,Más de un año,13,Sí,1,Sí,Internet fijo,Casa,Windows,3,No,No
Sí,Masculino,42,La Paz,La Paz,20,Más de un año,6,Sí,1,Sí,Internet móvil,Casa,Windows,3,Sí,Sí
Sí,Masculino,38,Santa Cruz,Santa Cruz de la Sierra,10,Más de un año,8,Sí,1,Sí,Internet móvil,Colegio,Windows,3,Sí,Sí
Sí,Femenino,30,Tarija,Tarija,5,Más de un año,1,Sí,2,Sí,Internet móvil,Casa,Windows,5,Sí,Sí
Sí,Femenino,50,Tarija,Tarija,28,Más de un año,13,Sí,1,No,,,Windows,NA,Sí,No
Sí,Femenino,34,Oruro,Oruro,3,Más de un año,1,Sí,1,No,Internet móvil,Casa,Windows,3,No,No
Sí,Femenino,48,Tarija,Tarija,22,Más de un año,12,Sí,1,Sí,Internet móvil,Colegio,Windows,1,Sí,No
Sí,Femenino,54,Oruro,Oruro,12,Más de un año,7,Sí,1,No,Internet fijo,Casa,Windows,NA,No,No
Sí,Femenino,45,Tarija,Tarija,15,Más de un año,12,Sí,1,Sí,Internet fijo,Casa,Windows,3,Sí,No
No,Femenino,44,Chuquisaca,Sucre,19,Más de un año,15,Sí,1,Sí,Internet fijo,Casa,Windows,NA,No,No
Sí,Masculino,46,La Paz,El Alto,18,Más de un año,5,Sí,1,Sí,Internet fijo,Casa,Windows,NA,No,No
Sí,Masculino,52,Tarija,Tarija,21,Más de un año,15,Sí,1,Sí,Internet fijo,Casa,Windows,NA,No,No
Sí,Femenino,45,Chuquisaca,Sucre,22,Más de un año,19,Sí,1,Sí,Internet fijo,Casa,Windows,2,Sí,No
Sí,Masculino,46,Chuquisaca,Sucre,22,Más de un año,20,Sí,1,Sí,Internet móvil,Otro,Windows,2,Sí,Sí
Sí,Masculino,43,Tarija,Tarija,10,Más de un año,5,No,1,Sí,Internet fijo,Casa,Windows,2,No,No
Sí,Femenino,56,Oruro,Oruro,34,Más de un año,4,Sí,2,Sí,Internet móvil,Otro,Windows,2,No,No
Sí,Femenino,43,Chuquisaca,Sucre,15,Más de un año,5,No,1,Sí,,,Windows,NA,No,No
Sí,Femenino,48,Tarija,Tarija,26,Más de un año,10,No,2,Sí,Internet fijo,Casa,Windows,NA,No,No
Sí,Femenino,34,Tarija,Tarija,10,Más de un año,7,Sí,1,Sí,,,Windows,NA,No,No
Sí,Femenino,50,Chuquisaca,Sucre,27,Más de un año,22,Sí,1,Sí,Internet fijo,Casa,Windows,NA,No,No
Sí,Femenino,40,Tarija,Tarija,20,Más de un año,17,Sí,1,Sí,Internet fijo,Casa,Windows,NA,No,No
Sí,Femenino,36,La Paz,El Alto,9,Más de un año,3,Sí,2,Sí,Internet móvil,Casa,Windows,5,Sí,No
Sí,Masculino,31,La Paz,El Alto,10,Más de un año,4,Sí,3,Sí,,,Windows,3,Sí,No
Sí,Femenino,38,Tarija,Tarija,16,Más de un año,7,Sí,1,Sí,Internet fijo,Casa,Windows,NA,No,No
Sí,Femenino,45,Tarija,Tarija,20,Más de un año,4,Sí,1,Sí,Internet móvil,Casa,Windows,3,Sí,Sí
Sí,Femenino,55,Tarija,Tarija,26,Más de un año,9,Sí,1,Sí,Internet móvil,Casa,Windows,4,Sí,Sí
Sí,Masculino,56,Tarija,Tarija,16,Más de un año,3,No,1,Sí,Internet móvil,Casa,Windows,4,Sí,Sí
Sí,Femenino,45,Santa Cruz,Santa Cruz de la Sierra,16,Más de un año,16,Sí,1,Sí,Internet móvil,Otro,Windows,1,Sí,Sí
Sí,Femenino,47,Santa Cruz,Santa Cruz de la Sierra,19,Más de un año,13,Sí,1,Sí,Internet fijo,Casa,Windows,2,Sí,No
Sí,Masculino,43,Santa Cruz,Santa Cruz de la Sierra,17,Menos de un año,NA,Sí,2,No,Internet móvil,Otro,Windows,NA,Sí,No
Sí,Femenino,36,Beni,Trinidad,13,Más de un año,10,Sí,1,No,Internet móvil,Otro,Windows,NA,No,No
Sí,Masculino,42,Tarija,Tarija,5,Más de un año,3,No,1,Sí,,,Windows,NA,No,No
Sí,Femenino,42,Tarija,Tarija,13,Más de un año,2,No,2,Sí,,,Windows,NA,No,No
Sí,Femenino,26,Beni,Trinidad,4,Más de un año,2,Sí,1,Sí,Internet móvil,Casa,Windows,NA,Sí,No
Sí,Masculino,42,Beni,Trinidad,14,Más de un año,14,No,NA,Sí,Internet móvil,Casa,Otro,NA,No,No
Sí,Femenino,52,Chuquisaca,Sucre,23,Más de un año,23,Sí,1,Sí,Internet fijo,Casa,Windows,NA,No,No
Sí,Masculino,35,Beni,Trinidad,8,Más de un año,2,Sí,2,No,Internet fijo,Casa,Windows,5,No,No
Sí,Masculino,58,Santa Cruz,Santa Cruz de la Sierra,31,Más de un año,2,No,1,Sí,Internet móvil,Café Internet,Windows,3,No,No
Sí,Femenino,29,Beni,Trinidad,8,Más de un año,3,Sí,1,Sí,Internet móvil,Casa,Windows,NA,Sí,Sí
Sí,Femenino,49,Chuquisaca,Sucre,24,Más de un año,19,Sí,1,No,Internet móvil,Casa,Windows,NA,No,No
Sí,Masculino,60,Beni,Trinidad,17,Más de un año,2,Sí,1,Sí,,,Windows,2,Sí,Sí
No,Masculino,50,Beni,Trinidad,26,Más de un año,18,Sí,2,Sí,Internet fijo,Casa,Windows,NA,No,No
Sí,Masculino,50,Beni,Trinidad,18,Más de un año,8,Sí,1,No,Internet móvil,Casa,Windows,2,Sí,No
Sí,Masculino,47,Tarija,Tarija,7,Menos de un año,NA,No,1,Sí,Internet fijo,Casa,Windows,4,Sí,Sí
Sí,Femenino,53,Chuquisaca,Sucre,28,Más de un año,20,No,1,Sí,Internet móvil,Casa,Windows,3,Sí,Sí
Sí,Masculino,40,Beni,Trinidad,15,Más de un año,13,No,2,Sí,Internet móvil,Casa,Windows,NA,Sí,Sí
Sí,Femenino,42,La Paz,El Alto,22,Más de un año,10,No,2,Sí,Internet fijo,Casa,Windows,NA,No,No
Sí,Femenino,58,Beni,Trinidad,27,Más de un año,8,Sí,1,Sí,Internet móvil,Casa,Windows,3,Sí,No
Sí,Femenino,31,Beni,Trinidad,7,Más de un año,1,Sí,1,Sí,Internet móvil,Casa,Windows,NA,No,No
Sí,Femenino,51,Oruro,Oruro,19,Más de un año,18,Sí,2,No,Internet fijo,Casa,Windows,3,Sí,No
Sí,Femenino,50,Oruro,Oruro,20,Más de un año,12,Sí,2,Sí,Internet fijo,Casa,Windows,3,Sí,Sí
Sí,Femenino,54,Beni,Trinidad,18,Más de un año,14,Sí,1,Sí,Internet móvil,Casa,Windows,NA,No,No
Sí,Masculino,65,Oruro,Oruro,38,Más de un año,2,Sí,3,Sí,Internet fijo,Casa,Windows,5,Sí,Sí
Sí,Femenino,54,Beni,Trinidad,19,Más de un año,3,Sí,1,Sí,Internet móvil,Casa,Windows,2,Sí,No
Sí,Masculino,42,Tarija,Tarija,18,Más de un año,8,Sí,1,Sí,Internet móvil,Otro,Windows,2,Sí,Sí
Sí,Masculino,47,Oruro,Machacamarca,8,Más de un año,3,Sí,4,Sí,Internet fijo,Casa,Windows,4,Sí,Sí
Sí,Masculino,50,Oruro,Oruro,23,Más de un año,3,Sí,1,Sí,Internet fijo,Casa,Windows,3,Sí,Sí
Sí,Femenino,47,La Paz,El Alto,22,Más de un año,19,Sí,1,Sí,Internet móvil,Otro,Windows,NA,No,No
Sí,Femenino,46,La Paz,La Paz,14,Más de un año,11,Sí,1,Sí,Internet móvil,Otro,Windows,4,Sí,Sí
Sí,Femenino,49,Tarija,Tarija,21,Más de un año,8,Sí,2,Sí,Internet móvil,Colegio,Windows,4,Sí,Sí
Sí,Masculino,58,Tarija,Tarija,28,Más de un año,4,Sí,1,Sí,Internet móvil,Casa,Windows,NA,No,No
Sí,Femenino,37,Beni,Trinidad,11,Más de un año,4,Sí,2,Sí,Internet móvil,Casa,Windows,3,Sí,Sí
Sí,Femenino,44,Beni,Trinidad,20,Más de un año,18,Sí,1,Sí,Internet móvil,Casa,Linux,NA,Sí,Sí
Sí,Femenino,49,Beni,Trinidad,14,Más de un año,4,Sí,1,Sí,Internet fijo,Casa,Windows,2,No,No
Sí,Femenino,56,Beni,Trinidad,37,Más de un año,6,Sí,1,Sí,Internet móvil,Casa,Windows,3,No,No
Sí,Masculino,32,Tarija,Tarija,7,Más de un año,3,Sí,1,Sí,Internet fijo,Colegio,Windows,4,Sí,Sí
Sí,Masculino,49,Beni,Trinidad,11,Más de un año,9,No,1,Sí,Internet móvil,Café Internet,Windows,3,Sí,Sí
No,Femenino,44,Beni,Trinidad,11,Más de un año,5,No,1,No,Internet móvil,Casa,Windows,NA,No,No
Sí,Femenino,43,Tarija,Tarija,12,Más de un año,5,Sí,2,Sí,Internet móvil,Colegio,Windows,4,Sí,Sí
Sí,Femenino,48,Tarija,Tarija,22,Más de un año,8,Sí,1,Sí,Internet fijo,Casa,Windows,2,Sí,Sí
Sí,Masculino,48,Chuquisaca,Sucre,12,Más de un año,4,Sí,1,Sí,Internet fijo,Casa,Windows,2,Sí,Sí
Sí,Femenino,42,Tarija,Tarija,17,Más de un año,3,Sí,1,No,Internet fijo,Casa,Windows,2,No,No
Sí,Femenino,40,Tarija,Tarija,5,Más de un año,3,No,2,Sí,,,Windows,5,Sí,Sí
Sí,Femenino,56,La Paz,El Alto,31,Más de un año,20,Sí,1,Sí,Internet móvil,Otro,Windows,NA,No,No
Sí,Femenino,40,Tarija,Tarija,8,Más de un año,5,No,3,Sí,,,Windows,4,Sí,Sí
Sí,Femenino,46,Tarija,Tarija,4,Menos de un año,NA,No,1,Sí,Internet fijo,Casa,Windows,3,Sí,Sí
Sí,Femenino,38,Tarija,Tarija,10,Más de un año,5,Sí,1,Sí,Internet móvil,Casa,Windows,3,Sí,Sí
Sí,Masculino,50,Oruro,Machacamarca,30,Más de un año,30,Sí,1,Sí,Internet fijo,Casa,Windows,2,Sí,Sí
No,Masculino,36,Tarija,Tarija,12,Más de un año,5,Sí,2,Sí,Internet fijo,Casa,Windows,2,Sí,Sí
Sí,Femenino,56,Beni,Trinidad,34,Más de un año,30,Sí,1,Sí,Internet móvil,Café Internet,Windows,3,Sí,No
Sí,Femenino,45,Chuquisaca,Sucre,22,Más de un año,7,Sí,2,Sí,Internet fijo,Casa,Windows,NA,No,No
Sí,Masculino,40,Beni,Trinidad,8,Más de un año,5,Sí,1,Sí,Internet móvil,Casa,Windows,2,No,No
Sí,Femenino,38,Tarija,Tarija,15,Más de un año,13,Sí,1,Sí,Internet fijo,Casa,Windows,3,Sí,No
Sí,Femenino,33,Beni,Trinidad,12,Más de un año,7,No,2,Sí,Internet fijo,Casa,Windows,NA,No,No
Sí,Femenino,33,Beni,Trinidad,6,Más de un año,3,Sí,2,Sí,Internet móvil,Casa,Linux,NA,No,No
Sí,Femenino,33,Oruro,Oruro,9,Más de un año,2,Sí,1,Sí,Internet móvil,Casa,Windows,NA,Sí,No
Sí,Femenino,44,Chuquisaca,Sucre,20,Más de un año,18,No,2,Sí,Internet móvil,Casa,Windows,3,Sí,Sí
Sí,Femenino,29,Beni,Trinidad,9,Más de un año,2,Sí,1,Sí,Internet móvil,Casa,Windows,4,Sí,Sí
Sí,Masculino,49,Beni,Trinidad,25,Más de un año,8,Sí,1,No,Internet fijo,Casa,Windows,2,No,No
Sí,Femenino,47,Beni,Trinidad,11,Más de un año,11,Sí,1,Sí,Internet fijo,Casa,Windows,3,Sí,Sí
Sí,Femenino,35,Tarija,Tarija,10,Más de un año,3,No,1,Sí,,,Windows,3,Sí,Sí
Sí,Femenino,54,Tarija,Tarija,29,Más de un año,1,Sí,1,Sí,Internet móvil,Casa,Windows,3,Sí,No
Sí,Femenino,49,Tarija,Tarija,22,Más de un año,9,Sí,1,Sí,Internet móvil,Casa,Windows,4,Sí,Sí
Sí,Masculino,55,Tarija,Tarija,25,Más de un año,5,No,2,Sí,Internet fijo,Casa,Windows,3,Sí,Sí
Sí,Femenino,57,Tarija,Tarija,30,Más de un año,3,No,1,Sí,Internet fijo,Casa,Windows,3,Sí,Sí
Sí,Masculino,43,Tarija,Tarija,14,Más de un año,3,Sí,1,Sí,Internet fijo,Casa,Windows,4,Sí,Sí
Sí,Femenino,33,Tarija,Tarija,10,Más de un año,6,Sí,1,Sí,Internet fijo,Casa,Windows,4,Sí,Sí
Sí,Femenino,47,Tarija,Tarija,22,Más de un año,8,No,1,Sí,Internet móvil,Otro,Windows,NA,No,No
Sí,Femenino,47,Beni,Trinidad,13,Más de un año,3,Sí,1,Sí,Internet móvil,Casa,Windows,5,Sí,Sí
Sí,Masculino,44,Beni,Trinidad,11,Más de un año,6,No,1,Sí,Internet móvil,Otro,Windows,3,Sí,Sí
Sí,Masculino,40,Beni,Trinidad,10,Más de un año,6,No,2,Sí,Internet fijo,Casa,Windows,5,Sí,No
Sí,Femenino,34,Beni,Trinidad,12,Más de un año,8,Sí,1,Sí,,,Linux,5,Sí,Sí
Sí,Femenino,49,Cochabamba,Sacaba,16,Más de un año,8,Sí,1,Sí,Internet móvil,Casa,Linux,5,Sí,Sí
Sí,Femenino,41,Cochabamba,Sacaba,12,Más de un año,12,Sí,1,Sí,Internet móvil,Casa,Windows,5,Sí,Sí
Sí,Femenino,55,Cochabamba,Sacaba,17,Más de un año,16,Sí,1,Sí,Internet fijo,Casa,Windows,2,Sí,No
Sí,Femenino,31,Cochabamba,Sacaba,7,Más de un año,7,Sí,2,Sí,Internet fijo,Casa,Windows,4,Sí,Sí
Sí,Masculino,34,Tarija,Tarija,7,Más de un año,6,No,1,Sí,Internet móvil,Casa,Windows,NA,No,No
Sí,Femenino,51,Cochabamba,Sacaba,19,Más de un año,15,Sí,2,Sí,,,Windows,4,Sí,Sí
Sí,Femenino,36,Cochabamba,Sacaba,13,Más de un año,6,Sí,1,Sí,Internet móvil,Casa,Windows,4,Sí,No
Sí,Femenino,44,Cochabamba,Sacaba,12,Más de un año,10,Sí,1,No,Internet móvil,Casa,Windows,NA,No,No
Sí,Masculino,50,Chuquisaca,Sucre,20,Más de un año,10,No,2,Sí,Internet fijo,Casa,Windows,2,No,No
Sí,Femenino,42,Cochabamba,Sacaba,15,Más de un año,10,No,1,Sí,,,Windows,3,No,No
Sí,Femenino,47,Cochabamba,Sacaba,18,Más de un año,9,Sí,1,Sí,Internet móvil,Casa,Windows,3,Sí,Sí
Sí,Femenino,35,Cochabamba,Sacaba,7,Más de un año,4,Sí,1,Sí,Internet fijo,Café Internet,Windows,NA,No,No
Sí,Masculino,52,Tarija,Tarija,25,Más de un año,2,No,1,Sí,,,Windows,2,Sí,No
Sí,Masculino,52,Chuquisaca,Sucre,26,Más de un año,7,Sí,1,Sí,Internet móvil,Casa,Windows,3,Sí,No
Sí,Femenino,50,Chuquisaca,Sucre,27,Más de un año,4,Sí,2,Sí,,,Windows,3,Sí,No
Sí,Masculino,42,Tarija,Tarija,15,Más de un año,5,Sí,2,Sí,Internet fijo,Casa,Windows,3,Sí,No
Sí,Femenino,28,Tarija,Tarija,8,Más de un año,4,Sí,1,Sí,Internet móvil,Casa,Windows,2,Sí,No
Sí,Femenino,34,Tarija,Tarija,8,Más de un año,8,No,1,Sí,Internet fijo,Casa,Windows,3,Sí,No
Sí,Femenino,42,Tarija,Tarija,16,Más de un año,4,No,1,Sí,Internet móvil,Otro,Windows,NA,No,No
Sí,Femenino,47,Oruro,Oruro,24,Más de un año,24,Sí,1,Sí,Internet fijo,Casa,Windows,3,Sí,Sí
Sí,Femenino,41,Tarija,Tarija,16,Más de un año,11,Sí,2,Sí,Internet fijo,Casa,Windows,4,Sí,Sí
Sí,Femenino,56,Tarija,Tarija,16,Más de un año,6,Sí,2,Sí,Internet fijo,Casa,Windows,3,No,No
Sí,Femenino,33,Cochabamba,Sacaba,4,Menos de un año,NA,Sí,1,Sí,Internet móvil,Casa,Windows,1,Sí,Sí
Sí,Masculino,56,La Paz,La Paz,32,Más de un año,15,No,1,Sí,,,Windows,4,No,No
Sí,Masculino,35,Tarija,Tarija,11,Más de un año,9,No,2,Sí,Internet fijo,Casa,Windows,3,Sí,Sí
Sí,Masculino,53,La Paz,La Paz,33,Más de un año,10,No,1,Sí,,,Windows,3,No,No
Sí,Femenino,42,La Paz,La Paz,17,Más de un año,13,No,1,Sí,,,Windows,1,No,No
Sí,Masculino,58,La Paz,La Paz,40,Más de un año,15,No,1,Sí,,,Windows,2,No,No
Sí,Femenino,50,La Paz,El Alto,18,Más de un año,4,Sí,1,Sí,,,Windows,NA,No,Sí
Sí,Femenino,56,Chuquisaca,Sucre,33,Más de un año,29,Sí,1,Sí,Internet fijo,Casa,Windows,2,No,Sí
Sí,Femenino,51,Tarija,Tarija,9,Más de un año,4,No,2,Sí,,,Windows,NA,No,No
Sí,Femenino,25,Chuquisaca,Sucre,4,Menos de un año,NA,No,1,Sí,Internet fijo,Casa,Windows,4,Sí,Sí
Sí,Masculino,28,Cochabamba,Sacaba,4,Menos de un año,NA,Sí,1,Sí,Internet fijo,Casa,Windows,3,Sí,Sí
Sí,Femenino,44,Chuquisaca,Sucre,20,Más de un año,3,Sí,2,Sí,Internet fijo,Casa,Windows,3,No,No
Sí,Femenino,33,La Paz,La Paz,6,Más de un año,2,No,1,Sí,Internet móvil,Colegio,Linux,3,Sí,Sí
Sí,Femenino,39,La Paz,La Paz,14,Más de un año,3,Sí,2,Sí,Internet móvil,Colegio,Windows,2,Sí,Sí
Sí,Masculino,37,Cochabamba,Sacaba,12,Más de un año,7,Sí,1,Sí,Internet móvil,Colegio,Windows,4,Sí,Sí
Sí,Femenino,29,La Paz,La Paz,6,Más de un año,3,No,1,No,Internet móvil,Colegio,Windows,3,Sí,Sí
Sí,Femenino,43,La Paz,La Paz,17,Más de un año,2,No,1,Sí,Internet móvil,Colegio,Windows,4,Sí,Sí
Sí,Femenino,29,Cochabamba,Sacaba,3,Más de un año,2,No,1,Sí,Internet móvil,Casa,Windows,NA,No,Sí
Sí,Masculino,62,Chuquisaca,Sucre,30,Más de un año,16,No,2,Sí,,,Windows,3,No,No
Sí,Femenino,47,Chuquisaca,Sucre,24,Más de un año,19,Sí,1,Sí,Internet fijo,Casa,Windows,1,Sí,No
Sí,Femenino,38,Chuquisaca,Sucre,15,Más de un año,7,Sí,2,Sí,Internet fijo,Casa,Windows,3,Sí,Sí
Sí,Masculino,56,Chuquisaca,Sucre,13,Más de un año,4,No,1,Sí,Internet fijo,Colegio,Linux,3,Sí,Sí
Sí,Femenino,45,Oruro,Oruro,20,Más de un año,12,Sí,1,Sí,,,Windows,2,Sí,No
Sí,Femenino,45,Chuquisaca,Sucre,11,Más de un año,4,Sí,2,Sí,Internet fijo,Casa,Windows,NA,Sí,No
Sí,Masculino,46,Chuquisaca,Sucre,21,Más de un año,13,Sí,2,Sí,Internet móvil,Casa,Windows,2,Sí,Sí
Sí,Masculino,40,Chuquisaca,Sucre,17,Más de un año,13,Sí,1,Sí,Internet fijo,Casa,Windows,NA,No,Sí
Sí,Masculino,43,Chuquisaca,Sucre,20,Más de un año,1,No,1,Sí,Internet fijo,Casa,Windows,5,Sí,No
Sí,Masculino,40,Chuquisaca,Sucre,12,Más de un año,10,No,1,Sí,Internet móvil,Casa,Windows,3,Sí,Sí
Sí,Masculino,35,Chuquisaca,Sucre,16,Más de un año,7,No,1,Sí,Internet móvil,Casa,Windows,3,Sí,Sí
No,Masculino,45,Chuquisaca,Sucre,10,Más de un año,5,No,NA,N/A,,,Otro,NA,No,No
Sí,Femenino,55,Chuquisaca,Sucre,33,Más de un año,25,Sí,1,Sí,Internet fijo,Casa,Windows,NA,No,No
Sí,Femenino,40,Chuquisaca,Sucre,16,Más de un año,12,Sí,1,No,Internet fijo,Casa,Windows,3,Sí,No
Sí,Masculino,45,Chuquisaca,Sucre,10,Más de un año,4,Sí,1,Sí,Internet fijo,Casa,Windows,1,Sí,Sí
Sí,Femenino,46,Chuquisaca,Yotala,16,Más de un año,6,No,1,Sí,Internet fijo,Casa,Windows,NA,No,No
Sí,Femenino,40,Chuquisaca,Sucre,18,Más de un año,11,No,1,Sí,Internet móvil,Casa,Windows,3,Sí,Sí
Sí,Masculino,28,Chuquisaca,Sucre,4,Más de un año,1,No,1,Sí,Internet móvil,Casa,Windows,3,Sí,Sí
Sí,Femenino,55,Chuquisaca,Sucre,29,Más de un año,11,No,5,No,Internet fijo,Casa,Windows,2,Sí,No
Sí,Femenino,39,La Paz,La Paz,11,Más de un año,6,Sí,1,Sí,Internet fijo,Casa,Windows,NA,No,No
Sí,Femenino,50,Tarija,Tarija,18,Más de un año,4,No,2,Sí,Internet fijo,Casa,Windows,3,No,No
Sí,Femenino,54,Chuquisaca,Sucre,10,Más de un año,6,No,2,No,Internet fijo,Casa,Windows,NA,No,No
Sí,Femenino,50,Chuquisaca,Sucre,16,Más de un año,5,Sí,1,Sí,Internet fijo,Casa,Windows,3,No,Sí
Sí,Femenino,55,Chuquisaca,Sucre,32,Más de un año,14,Sí,1,Sí,Internet móvil,Otro,Windows,NA,No,No
Sí,Femenino,46,Chuquisaca,Sucre,22,Más de un año,11,Sí,1,No,Internet móvil,Casa,Windows,3,Sí,Sí
Sí,Femenino,42,Chuquisaca,Sucre,20,Más de un año,13,Sí,2,Sí,Internet móvil,Casa,Windows,NA,No,No
Sí,Femenino,40,Chuquisaca,Sucre,15,Más de un año,2,Sí,2,Sí,Internet móvil,Casa,Windows,2,Sí,No
Sí,Masculino,41,La Paz,La Paz,11,Más de un año,3,Sí,1,Sí,Internet fijo,Casa,Windows,4,Sí,Sí
Sí,Femenino,56,La Paz,La Paz,26,Más de un año,17,Sí,1,No,,,Otro,NA,No,No
Sí,Femenino,34,Chuquisaca,Sucre,10,Más de un año,7,No,1,Sí,Internet fijo,Casa,Windows,2,No,No
Sí,Masculino,58,Tarija,Tarija,30,Más de un año,10,Sí,1,Sí,Internet móvil,Casa,Windows,1,No,No
Sí,Femenino,41,Chuquisaca,Sucre,9,Más de un año,3,Sí,1,Sí,Internet fijo,Casa,Windows,3,Sí,Sí
Sí,Masculino,59,Chuquisaca,Sucre,33,Más de un año,6,Sí,1,No,Internet móvil,Casa,Windows,NA,Sí,Sí
Sí,Masculino,38,Chuquisaca,Sucre,17,Más de un año,1,Sí,2,Sí,Internet fijo,Casa,Windows,4,Sí,Sí
Sí,Masculino,64,Chuquisaca,Sucre,37,Más de un año,17,Sí,1,Sí,Internet móvil,Casa,Windows,NA,No,Sí
Sí,Femenino,38,Chuquisaca,Sucre,10,Menos de un año,NA,No,1,Sí,Internet móvil,Otro,Windows,3,Sí,Sí
Sí,Masculino,37,Tarija,Tarija,16,Más de un año,2,No,1,Sí,Internet fijo,Casa,Windows,NA,No,No
Sí,Femenino,47,Chuquisaca,Sucre,22,Más de un año,15,Sí,3,No,Internet móvil,Casa,Windows,NA,Sí,Sí
Sí,Femenino,46,Chuquisaca,Sucre,17,Más de un año,12,Sí,1,No,Internet móvil,Casa,Windows,2,Sí,No
Sí,Femenino,28,Tarija,Tarija,3,Más de un año,3,Sí,1,No,Internet móvil,Casa,Windows,4,Sí,No
Sí,Femenino,36,Chuquisaca,Sucre,10,Más de un año,7,No,2,Sí,Internet fijo,Casa,Windows,NA,No,No
Sí,Femenino,47,Chuquisaca,Sucre,22,Más de un año,19,Sí,1,Sí,Internet fijo,Casa,Windows,3,Sí,No
Sí,Femenino,59,Chuquisaca,Sucre,31,Más de un año,15,Sí,1,Sí,Internet fijo,Casa,Windows,3,Sí,Sí
Sí,Femenino,45,Chuquisaca,Sucre,21,Más de un año,11,Sí,1,Sí,Internet fijo,Casa,Windows,4,Sí,Sí
Sí,Femenino,40,Chuquisaca,Sucre,11,Más de un año,9,Sí,1,No,Internet móvil,Casa,Windows,NA,Sí,Sí
